DOI,title,files
https://doi.org/10.1142/9781848164123_fmatter,FRONT MATTER,[]
https://doi.org/10.1142/9781848164123_0001,"Introduction About 1,1'-Binaphthyls",[]
https://doi.org/10.1142/9781848164123_0002,Main Chain Chiral-Conjugated Polymers,[]
https://doi.org/10.1142/9781848164123_0003,Polybinaphthyls in Asymmetric Catalysis,[]
https://doi.org/10.1142/9781848164123_0004,Asymmetric Catalysis by BINOL and Its Non-polymeric Derivatives,[]
https://doi.org/10.1142/9781848164123_0005,"Enantioselective Fluorescent Sensors Based on 1,1'-Binaphthyl-Derived Dendrimers, Small Molecules and Macrocycles",[]
https://doi.org/10.1142/9781848164123_0006,"Miscellaneous Studies on Materials Related to 1,1'-Binaphthyls",[]
https://doi.org/10.1142/9781848164123_bmatter,BACK MATTER,[]
https://doi.org/10.1142/9789813209107_fmatter,FRONT MATTER,[]
https://doi.org/10.1142/9789813209107_0001,Introduction: Foreshadowings of a Normative Division of Labor,[]
https://doi.org/10.1142/9789813209107_0002,Chapter 1: Functional Research,[]
https://doi.org/10.1142/9789813209107_0003,Chapter 2: Functional Interpretation,[]
https://doi.org/10.1142/9789813209107_0004,Chapter 3: Functional History,[]
https://doi.org/10.1142/9789813209107_0005,Chapter 4: Functional Dialectics,[]
https://doi.org/10.1142/9789813209107_0006,Chapter 5: Functional Foundations,[]
https://doi.org/10.1142/9789813209107_0007,Chapter 6: Functional Doctrines and Policies,[]
https://doi.org/10.1142/9789813209107_0008,Chapter 7: Functional Systematics: Systems-Planning,[]
https://doi.org/10.1142/9789813209107_0010,Chapter 9: Implementation,[]
https://doi.org/10.1142/9789813209107_bmatter,BACK MATTER,[]
https://doi.org/10.1142/9789814632423_fmatter,FRONT MATTER,[]
https://doi.org/10.1142/9789814632423_0001,Chapter 1: Introduction and Point of View,[]
https://doi.org/10.1142/9789814632423_0002,Chapter 2: Recursive Construction,[]
https://doi.org/10.1142/9789814632423_0003,Chapter 3: Description of Events in the Inverse Graph,[]
https://doi.org/10.1142/9789814632423_0004,Chapter 4: The (1+1)-Dimensional Nonlinear Universe,[]
https://doi.org/10.1142/9789814632423_0005,Chapter 5: The Creation Table,[]
https://doi.org/10.1142/9789814632423_0006,Chapter 6: Graphical Presentation of MSS Roots,[]
https://doi.org/10.1142/9789814632423_0007,Chapter 7: Graphical Presentation of Inverse Graphs,[]
https://doi.org/10.1142/9789814632423_bmatter,BACK MATTER,[]
https://doi.org/10.1142/9789812812360_fmatter,FRONT MATTER,[]
https://doi.org/10.1142/9789812812360_0001,The Limits of Physics,[]
https://doi.org/10.1142/9789812812360_0002,Law Without Law,[]
https://doi.org/10.1142/9789812812360_0003,The Universe of Fluctuations,[]
https://doi.org/10.1142/9789812812360_0004,The Thermodynamic Universe,[]
https://doi.org/10.1142/9789812812360_0005,Spacetime Models and Tests,[]
https://doi.org/10.1142/9789812812360_0006,"The Origin of Mass, Spin and Interaction",[]
https://doi.org/10.1142/9789812812360_0007,The Enigma of Gravitation,[]
https://doi.org/10.1142/9789812812360_0008,An Adventurer's Miscellany,[]
https://doi.org/10.1142/9789812812360_bmatter,BACK MATTER,[]
https://doi.org/10.1142/9789812791368_fmatter,FRONT MATTER,[]
https://doi.org/10.1142/9789812791368_0001,"2001: A SPACETIME ODYSSEY, INTRODUCTION",[]
https://doi.org/10.1142/9789812791368_0002,A BRIEF HISTORY OF SPACE-TIME,[]
https://doi.org/10.1142/9789812791368_0003,GRAVITATION AND NONLOCALITY,[]
https://doi.org/10.1142/9789812791368_0004,THE EQUIVALENCE PRINCIPLE: FROM ORIGINS TO ITS FUTURE USES,[]
https://doi.org/10.1142/9789812791368_0005,"SPACE-TIME, GENERAL COVARIANCE, DIRAC-BERGMANN OBSERVABLES AND NON-INERTIAL FRAMES",[]
https://doi.org/10.1142/9789812791368_0006,PHYSICS IN THE PRESENCE OF A TIME MACHINE,[]
https://doi.org/10.1142/9789812791368_0007,FRAME-DRAGGING AND GRAVITOMAGNETISM: THEORY AND EXPERIMENT,[]
https://doi.org/10.1142/9789812791368_0008,NEW TESTS OF THE STRONG EQUIVALENCE PRINCIPLE AND OF THE INVERSE SQUARE LAW,[]
https://doi.org/10.1142/9789812791368_0009,HIGH PRECISION GRAVITY MEASUREMENTS BY ATOM INTERFEROMETRY,[]
https://doi.org/10.1142/9789812791368_0010,COMMENTS ON COSMOLOGY 2001,[]
https://doi.org/10.1142/9789812791368_0011,THE INFLATIONARY UNIVERSE,[]
https://doi.org/10.1142/9789812791368_0012,IMAGING THE EARLY UNIVERSE WITH THE BOOMERANG EXPERIMENT,[]
https://doi.org/10.1142/9789812791368_0013,THE EARLY UNIVERSE ODYSSEY WITH GRAVITATIONAL WAVES,[]
https://doi.org/10.1142/9789812791368_0014,GRAVITATIONAL RADIATION: A TOOL FOR TESTING GENERAL RELATIVITY,[]
https://doi.org/10.1142/9789812791368_0015,WHAT GRAVITATIONAL SIGNALS SAY ABOUT THE STRUCTURE AND THE EVOLUTION OF ASTROPHYSICAL SOURCES,[]
https://doi.org/10.1142/9789812791368_0016,RESONANT-MASS GRAVITATIONAL WAVE DETECTORS AT THE BEGINNING OF THE NEW MILLENNIUM,[]
https://doi.org/10.1142/9789812791368_0017,THE VIRGO PROJECT,[]
https://doi.org/10.1142/9789812791368_0018,COMPUTATIONAL RELATIVITY: COLLISIONS OF BLACK HOLES,[]
https://doi.org/10.1142/9789812791368_0020,WHAT CAN WE LEARN ABOUT NEUTRON STARS FROM GRAVITY-WAVE OBSERVATIONS?,[]
https://doi.org/10.1142/9789812791368_0021,GAMMA RAY BURSTS: SOME FACTS AND IDEAS,[]
https://doi.org/10.1142/9789812791368_0022,ON THE ACCURACY OF THE POST-NEWTONIAN APPROXIMATION,[]
https://doi.org/10.1142/9789812791368_0023,SPIN FOAMS AS FEYNMAN DIAGRAMS,[]
https://doi.org/10.1142/9789812791368_0024,OPEN-STRING MODELS WITH BROKEN SUPERSYMMETRY,[]
https://doi.org/10.1142/9789812791368_0025,PHYSICS WITH LARGE EXTRA DIMENSIONS,[]
https://doi.org/10.1142/9789812791368_0026,POLYAKOV CONJECTURE AND 2+1 DIMENSIONAL GRAVITY,[]
https://doi.org/10.1142/9789812791368_0027,FIELD THEORIES ON CANONICAL AND LIE-ALGEBRA NONCOMMUTATIVE SPACETIMES,[]
https://doi.org/10.1142/9789813140257_fmatter,FRONT MATTER,[]
https://doi.org/10.1142/9789813140257_0001,The Asia-Europe Meeting (ASEM): A Bridge between East and West,[]
https://doi.org/10.1142/9789813140257_0002,Building on 20 Years of ASEM: Expanding Connectivity and Inclusion,[]
https://doi.org/10.1142/9789813140257_0003,Connectivity: Shaping the Future of ASEM,[]
https://doi.org/10.1142/9789813140257_0004,20 Years of Asia-Europe Meeting from 1996 to 2016: An Active Partnership – Ready for the Next Decades,[]
https://doi.org/10.1142/9789813140257_0005,Making Employability Work: Indonesia's Experience,[]
https://doi.org/10.1142/9789813140257_0006,The Beginning and Future of ASEM: The Potential of the Silk Road Project and the AIIB,[]
https://doi.org/10.1142/9789813140257_0007,Japan's Initiative for the Asia-Europe Meeting (ASEM),[]
https://doi.org/10.1142/9789813140257_0008,Building a Joint Future for ASEM: View from Kazakhstan,[]
https://doi.org/10.1142/9789813140257_0009,Connectivity as the Key Feature of ASEM's Third Decade,[]
https://doi.org/10.1142/9789813140257_0010,The Economic and Social Significance of Creativity,[]
https://doi.org/10.1142/9789813140257_0011,Role of Culture and the Arts for the Promotion of Mutual Understanding and Development between Asia and Europe,[]
https://doi.org/10.1142/9789813140257_0013,Reflections on ASEF,[]
https://doi.org/10.1142/9789813140257_bmatter,BACK MATTER,[]
https://doi.org/10.1142/9789814678308_fmatter,FRONT MATTER,[]
https://doi.org/10.1142/9789814678308_0001,"Chapter 1: The Golden Ratio, Fibonacci Numbers, and the “Golden” Hyperbolic Fibonacci and Lucas Functions",[]
https://doi.org/10.1142/9789814678308_0002,Chapter 2: The Mathematics of Harmony and General Theory of Recursive Hyperbolic Functions,[]
https://doi.org/10.1142/9789814678308_0003,Chapter 3: Hyperbolic and Spherical Solutions of Hilbert's Fourth Problem: The Way to the Recursive Non-Euclidean Geometries,[]
https://doi.org/10.1142/9789814678308_0004,Chapter 4: Introduction to the “Golden” Qualitative Theory of Dynamical Systems Based on the Mathematics of Harmony,[]
https://doi.org/10.1142/9789814678308_0005,Chapter 5: The Basic Stages of the Mathematical Solution to the Fine-Structure Constant Problem as a Physical Millennium Problem,[]
https://doi.org/10.1142/9789814678308_0006,Appendix: From the “Golden” Geometry to the Multiverse,[]
https://doi.org/10.1142/9789814678308_bmatter,BACK MATTER,[]
https://doi.org/10.1142/9789814537926,Proceedings of the 1st Experimental Chaos Conference,[]
https://doi.org/10.1142/9789814425810_fmatter,FRONT MATTER,[]
https://doi.org/10.1142/9789814425810_0001,"Particle Physics, From Rutherford to the LHC",[]
https://doi.org/10.1142/9789814425810_0002,The Early Years and Beyond,[]
https://doi.org/10.1142/9789814425810_0003,100 Years of Nuclear Mass Measurements and Models,[]
https://doi.org/10.1142/9789814425810_0004,Symmetries and Dynamical Symmetries in Nuclei,[]
https://doi.org/10.1142/9789814425810_0006,Parity- and Time-Reversal Tests in Nuclear Physics,[]
https://doi.org/10.1142/9789814425810_0007,High Energy Nuclear Physics: From Bear Mountain to the LHC,[]
https://doi.org/10.1142/9789814425810_0008,Chiral Symmetry in Subatomic Physics,[]
https://doi.org/10.1142/9789814425810_0009,Exotic Nuclei Far from the Stability Line,[]
https://doi.org/10.1142/9789814425810_0010,A Short History of Colliders,[]
https://doi.org/10.1142/9789814425810_0011,4π Detectors,[]
https://doi.org/10.1142/9789814425810_0012,Large Underground Detectors for Proton Decay and Neutrino Physics,[]
https://doi.org/10.1142/9789814425810_0013,Jets and QCD,[]
https://doi.org/10.1142/9789814425810_0014,Diffractive Phenomena in High Energy Processes,[]
https://doi.org/10.1142/9789814425810_0015,Weak Interactions: From Current–Current to Standard Model and Beyond,[]
https://doi.org/10.1142/9789814425810_0016,Neutrino Physics,[]
https://doi.org/10.1142/9789814425810_0017,Introduction to Renormalization in Field Theory,[]
https://doi.org/10.1142/9789814425810_0018,Lattice Gauge Theory and the Origin of Mass,[]
https://doi.org/10.1142/9789814425810_0019,String Theory and M-Theory,[]
https://doi.org/10.1142/9789812700988_fmatter,FRONT MATTER,[]
https://doi.org/10.1142/9789812700988_others01,From Newton to Einstein: Paradigm Shifts,[]
https://doi.org/10.1142/9789812700988_0001,"DEVELOPMENT OF THE CONCEPTS OF SPACE, TIME AND SPACE-TIME FROM NEWTON TO EINSTEIN",[]
https://doi.org/10.1142/9789812700988_others02,Einstein's Universe: Ramifications of General Relativity,[]
https://doi.org/10.1142/9789812700988_0002,"GRAVITATIONAL BILLIARDS, DUALITIES AND HIDDEN SYMMETRIES",[]
https://doi.org/10.1142/9789812700988_0003,THE NATURE OF SPACETIME SINGULARITIES,[]
https://doi.org/10.1142/9789812700988_0004,BLACK HOLES – AN INTRODUCTION,[]
https://doi.org/10.1142/9789812700988_0004,BLACK HOLES – AN INTRODUCTION,[]
https://doi.org/10.1142/9789812792808_fmatter,FRONT MATTER,[]
https://doi.org/10.1142/9789812792808_0001,Introduction,[]
https://doi.org/10.1142/9789812792808_0002,Planck Invents the Quantum,[]
https://doi.org/10.1142/9789812792808_0003,Einstein and Compton,[]
https://doi.org/10.1142/9789812792808_0004,Bohr's Hydrogen Atom,[]
https://doi.org/10.1142/9789812792808_0005,de Broglie Waves,[]
https://doi.org/10.1142/9789812792808_0006,Kramers and Heisenberg,[]
https://doi.org/10.1142/9789812792808_0007,Heisenberg Invents Quantum Dynamics,[]
https://doi.org/10.1142/9789812792808_0008,"Born, Heisenberg and Jordan",[]
https://doi.org/10.1142/9789812792808_0009,Dirac's Quantum Mechanics,[]
https://doi.org/10.1142/9789812792808_0010,Schrödinger's Wave Mechanics,[]
https://doi.org/10.1142/9789812792808_0011,Born's Interpretation,[]
https://doi.org/10.1142/9789812792808_0012,Heisenberg's Uncertainty Principle,[]
https://doi.org/10.1142/9789812792808_0013,Bohr's Interpretation,[]
https://doi.org/10.1142/9789812792808_0014,"Einstein, Podolsky, and Rosen",[]
https://doi.org/10.1142/9789812792808_0015,"Bohm and Bell, Clauser and Aspect",[]
https://doi.org/10.1142/9789812792808_0016,Feynman Path Integral,[]
https://doi.org/10.1142/9789812792808_0017,Hartle's Interpretation,[]
https://doi.org/10.1142/9789812792808_0018,DeWitt's Wave Function of the Universe,[]
https://doi.org/10.1142/9789812792808_0019,Deutsch's Quantum Computer,[]
https://doi.org/10.1142/9789812792808_0020,The Next 100 Years,[]
https://doi.org/10.1142/9789813141612_fmatter,FRONT MATTER,[]
https://doi.org/10.1142/9789813141612_0001,Thin Polymer Films Containing Carbon Nanostructures,[]
https://doi.org/10.1142/9789813141612_0002,The Effect of the Electrodes Area Ratio on TiO,[]
https://doi.org/10.1142/9789813141612_0003,Co,[]
https://doi.org/10.1142/9789813141612_0004,Effect of Carbon-based Nanofillers on Electrical Properties of Epoxy/Polyetherimide Composites,[]
https://doi.org/10.1142/9789813141612_0005,The Electropolymerization and Characterizations of Acid Red Dye Doped Polyaniline,[]
https://doi.org/10.1142/9789813141612_0006,Radiation Crosslinking of Polyurethane Enhanced by Introducing Terminal Double-Bonds,[]
https://doi.org/10.1142/9789813141612_0007,Structure Confirmation and Properties of Poly(Dimethylsiloxaneco-diethylsiloxane) Copolymer,[]
https://doi.org/10.1142/9789813141612_0009,Comparative Study on Accelerated Thermal Ageing of Vegetable Insulating Oil-paperboard and Mineral Oil-paperboard,[]
https://doi.org/10.1142/9789813141612_0010,Effects of Several Flame Retardants and Curing Agents on the Fire and Mechanical Properties of Epoxy Resin,[]
https://doi.org/10.1142/9789813141612_0011,The Preparation of a Reactive Emulsifier and Its Application in Emulsion Polymerization,[]
https://doi.org/10.1142/9789813141612_0012,Optimization of Refining Craft for Vegetable Insulating Oil,[]
https://doi.org/10.1142/9789813141612_0013,Mechanical Properties of Palm Fiber Mattress,[]
https://doi.org/10.1142/9789813141612_0014,Research on Optimization of GLCM Parameter in Cell Classification,[]
https://doi.org/10.1142/9789813141612_0015,Synthesis and Characterization of Benzotriazole-based Conjugated Polymers for Bulk-heterojunction Solar Cells,[]
https://doi.org/10.1142/9789813141612_0016,Design and Optimization of Slot Aluminum Alloy Connectors of Photovoltaics Applied to High-rise Building Facades,[]
https://doi.org/10.1142/9789813141612_0017,Thermal Diagnosis of Rural Power Grid Distribution Substation Electrical Joints,[]
https://doi.org/10.1142/9789813141612_0018,Research on a New Method of Windshield Microwave Heating,[]
https://doi.org/10.1142/9789813141612_0019,The Study of New Technology of Tempered Glass—Using Microwave Heating Method,[]
https://doi.org/10.1142/9789813141612_0020,Effect of Inertial Force on Thermal Elastohydrodynamic Lubrication of Oil Film Bearing in Rolling Mill Lubricated by the Oil-water Two-phase Flow,[]
https://doi.org/10.1142/9789813141612_0021,Non-axisymmetric Dynamic Buckling of Cylindrical Shells under Axial Step Load,[]
https://doi.org/10.1142/9789813141612_0022,Dynamic Buckling of Elastic Bar under Axial Impact Based on Finite Difference Method,[]
https://doi.org/10.1142/9789813141612_0023,Heat Preservation Performance Attenuation of the Exterior Wall Thermal Insulation Materials Commonly Used in South of Jiangsu Area,[]
https://doi.org/10.1142/9789813141612_0024,The Goods Upstairs Car Innovative Design,[]
https://doi.org/10.1142/9789813141612_0025,Removable Type Expansion Bolt Innovative Design,[]
https://doi.org/10.1142/9789813141612_0026,The Brackets Design and Stress Analysis of a Refinery's Hot Water Pipeline,[]
https://doi.org/10.1142/9789813141612_0027,Model-based Sliding Mode Controller of Anti-lock Braking System,[]
https://doi.org/10.1142/9789813141612_0028,Development of Control System for Hydrolysis Crystallization Process,[]
https://doi.org/10.1142/9789813141612_0029,The Research on Optimization of Edge Drop Control for Cold Tandem Rolling Mill,[]
https://doi.org/10.1142/9789813141612_0031,Recovery of Iron from Copper Tailings by Direct Reduction,[]
https://doi.org/10.1142/9789813141612_0032,Design of Wireless Power Transfer System Using E-class Amplifier,[]
https://doi.org/10.1142/9789813141612_0033,Flatness and Edge Drop Decoupling Control for the Tandem Cold Rolling Mill,[]
https://doi.org/10.1142/9789813141612_0034,Shape Control of Space Thin-walled Structures by Using Thermal Actuators,[]
https://doi.org/10.1142/9789813141612_0035,Syntheses and Characterization of Chiral Arm Liquid Crystals—Containing Active Group,[]
https://doi.org/10.1142/9789813141612_0036,The Overheating Cause Analysis of Permanent Magnet Governor and Countermeasures,[]
https://doi.org/10.1142/9789813141612_0037,Synthesis and Characterization of N-hydroxypropyl-2-indolyl Fulgimide Photochromic Material,[]
https://doi.org/10.1142/9789813141612_0038,Raman and Photoluminescence Spectroscopy of Laser Irradiated Sites of Fused Silica: Comparison between Bulk and Surface Damage,[]
https://doi.org/10.1142/9789813141612_0039,Synthesis and Characterization of Novel Perylene Diimide,[]
https://doi.org/10.1142/9789813141612_0040,A Novel Method for Measuring Electrical Conductivity of High Insulating Oil Using Charge Decay,[]
https://doi.org/10.1142/9789813141612_0041,Dynamic Buckling on Rectangular Plates under Axial Step Load,[]
https://doi.org/10.1142/9789813141612_0042,Study on De-noising Technology of Radar Life Signal,[]
https://doi.org/10.1142/9789813141612_0043,The Electrochemical Noise Study of TA10 Heat Exchanger Tubes in the Tri-effect Continuous Evaporation and Crystallization Device,[]
https://doi.org/10.1142/9789813141612_0044,Application of Ultrasonic Phased Array Technology to the Detection of Defect in Composite Stiffened-structures,[]
https://doi.org/10.1142/9789813141612_0045,3-D Transient Heat Transfer Analysis of Slab Heating Characteristics in a Reheating Furnace in Hot Strip Mills,[]
https://doi.org/10.1142/9789813141612_0046,Constitutive Model Modification of Titanium Alloy Ti-6Al-4V Based on Dislocation Pile-up Theory,[]
https://doi.org/10.1142/9789813141612_0047,Study on Ply Orientation Optimum Design for Composite Material Structure Based on Genetic Algorithm,[]
https://doi.org/10.1142/9789813141612_0048,Numerical Simulation of Rheology Character of Polymer Extrusion Flow in the Micro Channel,[]
https://doi.org/10.1142/9789813141612_0049,Modelling the Hysteresis Properties of an Orthogonal Core Controllable Reactor under Dc-biased Conditions,[]
https://doi.org/10.1142/9789813141612_0050,An ,[]
https://doi.org/10.1142/9789813141612_0051,Numerical Simulation of Erosion in Different Diameter Ratio Sudden Contraction Pipe,[]
https://doi.org/10.1142/9789813141612_0053,DFT Study of the Oxygen Vacancy Role for CO,[]
https://doi.org/10.1142/9789813141612_0054,A Prediction of the Damping Properties of Hindered Phenol AO-60/polyacrylate Rubber (AO-60/ACM) Composites through Molecular Dynamics Simulation,[]
https://doi.org/10.1142/9789813141612_0055,The Temperature Effect on the Diffusion Processes of 32% EVOH Membrane: Molecular Dynamic Simulation,[]
https://doi.org/10.1142/9789813141612_0056,Cleaning Robot for Solar Panels in Solar Power Station,[]
https://doi.org/10.1142/9789813141612_0057,"A Study of Ti(C, N)-TiB",[]
https://doi.org/10.1142/9789813141612_0058,Experimental and Numerical Studies of Shear Fracture in Concrete Specimens,[]
https://doi.org/10.1142/9789813141612_0059,Modeling and Experiment of Melt Impregnation of Continuous Fiber-reinforced Thermoplastic with Pins,[]
https://doi.org/10.1142/9789813141612_0060,Preparation of PAN Fiber Supported Iron(II) Phthalocyanine Complex and Its Photocatalytic Performance,[]
https://doi.org/10.1142/9789813141612_0061,Rheological Properties and Foaming Behavior of Poly(Ethylene Terephthalates) Modified with Pyromellitic Dianhydride,[]
https://doi.org/10.1142/9789813141612_0062,Electrochemical Deposition of Metal-ceramic Composite Coating,[]
https://doi.org/10.1142/9789813141612_0063,Research on Annealing of Sapphire Single Crystal Growth by Kyropoulos Method,[]
https://doi.org/10.1142/9789813141612_0064,Different Distribution Comparison for Multi-state Failure Process,[]
https://doi.org/10.1142/9789813141612_0065,Based on Weibull Information Fusion Analysis Semiconductors Quality the Key Technology of Manufacturing Execution Systems Reliability,[]
https://doi.org/10.1142/9789813141612_0066,Thermal Analysis and Cooling Optimization of the Magnetorheological Brake,[]
https://doi.org/10.1142/9789813141612_0067,Experimental Study on Performance of Separator with Three-segment Coalescence Plates,[]
https://doi.org/10.1142/9789813141612_0068,Precipitation Behavior of the Second Phase in V-Ti Microalloy TRIP Steels at Different Conditions,[]
https://doi.org/10.1142/9789813141612_0069,Effect of Co-doping Y and Gd on the Microstructure and Mechanical Strength of AM60B Alloy,[]
https://doi.org/10.1142/9789813141612_0070,Dynamic Buckling of Composite Cylindrical Shells,[]
https://doi.org/10.1142/9789813141612_0071,Effect of Multi-repair Welding on Fatigue Performance of Aluminum Alloy Profile Welded Joint,[]
https://doi.org/10.1142/9789813141612_0072,A New Fourier-temperature Finite Element for Thin-walled Tubes,[]
https://doi.org/10.1142/9789813141612_0073,Inter-pass Thermal-vibration Stress Relief on Multi-pass Welded Joints of DH 36 Steel,[]
https://doi.org/10.1142/9789813141612_0075,Effect of Permeability of Tipping Paper on Cigarette Burning Temperature and the Property of Mainstream Smoke,[]
https://doi.org/10.1142/9789813141612_0076,Microstructure Evolution of SiC Matrix in PIP-C/SiC Composites after Annealing at Different Temperatures,[]
https://doi.org/10.1142/9789813141612_0077,Application of Absorbable Hemostatic Materials Observed in Thyroid Operation,[]
https://doi.org/10.1142/9789813141612_0078,The Synthesis of a Novel Swallow-tailed Glycol and Linear Alkoxy-substitued Dibenzocoronene Tetracarboxdiimide Derivatives,[]
https://doi.org/10.1142/9789813141612_0079,Multi-factor Analysis of Pre-control Fracture Simulations about Projectile Material,[]
https://doi.org/10.1142/9789813141612_0080,Enhancement Effect of h-BN and Graphene Films on the Thermal Conductivity of Si Substrate,[]
https://doi.org/10.1142/9789813141612_0081,Research on the Distribution of Magnetic Particles by Changing The Rate of the Radius of the Pole and the Length between Two Poles,[]
https://doi.org/10.1142/9789813141612_0082,Comparing the Effect of 3 Kinds of Different Materials on the Hemostasis of the Central Venous Catheter,[]
https://doi.org/10.1142/9789813141612_0083,On the Role of Interfacial Reaction in the Wetting in Metallic Systems,[]
https://doi.org/10.1142/9789813141612_0084,Percolation Blocking as the Origin of Organic Magneto-resistance,[]
https://doi.org/10.1142/9789813141612_0085,Reactively Sputtered Amorphous Zr-Si Films Serving as Barrier Layer for Copper Interconnect,[]
https://doi.org/10.1142/9789813141612_0086,Bandgap-reduced NaNbO,[]
https://doi.org/10.1142/9789813141612_0087,Insights into the Self-assembly of Two Diamine Derivatives Low Molecular Mass Organogelators in Quasi-solid-state Electrolytes,[]
https://doi.org/10.1142/9789814696029_fmatter,FRONT MATTER,[]
https://doi.org/10.1142/9789814696029_0001,First-principles Calculation of Silicon Nanowire,[]
https://doi.org/10.1142/9789814696029_0002,Structure Studies on Order Assemblage of Cadmium,[]
https://doi.org/10.1142/9789814696029_0003,Comparison of Aggregation Kinetics of Crystallites of Different Sizes in the Urine of Calcium Oxalate Stone Patients and Control Subjects,[]
https://doi.org/10.1142/9789814696029_0004,Crystal Phase Selection in Precipitation Process of Calcium Oxalate with Different Supersaturation Degree,[]
https://doi.org/10.1142/9789814696029_0005,"Component Change of Nano- and Microsized Urine Crystallites in the Patients of Calcium Oxalate, Calcium Phosphate and Uric Acid Calculi",[]
https://doi.org/10.1142/9789814696029_0006,Thermal Expansion and Electrical Properties of the Ternary Compound TbCo,[]
https://doi.org/10.1142/9789814696029_0007,"A Facile and Convenient Synthesis of 9,10-dihydro-9-oxa-10-phosphaphenanthrene-10-oxide Derivatives under Mild Conditions",[]
https://doi.org/10.1142/9789814696029_0008,Doping Effect on Characteristics of Al,[]
https://doi.org/10.1142/9789814696029_0009,New Advance in the Particle Work and Energy Theory,[]
https://doi.org/10.1142/9789814696029_0010,Compact Lowpass Filter with Wide Stopband Using G-shaped Defected Microstrip Structure,[]
https://doi.org/10.1142/9789814696029_0011,A Kind of Hopf Bifurcation of a Population Dynamic Model and its Simulation,[]
https://doi.org/10.1142/9789814696029_0012,Study of Residual Projectile of Two Kinds of Penetrators,[]
https://doi.org/10.1142/9789814696029_0013,"Properties of Coal Gangue Used in Building Materials in Wulanmulun Coalfield, Inner Mongolia, China",[]
https://doi.org/10.1142/9789814696029_0014,Role of Argon in Optimization of the Cu Surface to Synthesize Uniform Monolayer Graphene by Chemical Vapor Deposition,[]
https://doi.org/10.1142/9789814696029_0015,The Application of Time Autocorrelation Function and its Integration in Transport Coefficients Simulation,[]
https://doi.org/10.1142/9789814696029_0016,Electronic and Elastic Properties of TI,[]
https://doi.org/10.1142/9789814696029_0017,The Adsorption of Different Molecules and Free Radicals on the Surface of Ni,[]
https://doi.org/10.1142/9789814696029_0018,Preparation and Properties of Sepiolite Clay-based Superabsorbent Resin under Microwave Irradiation,[]
https://doi.org/10.1142/9789814696029_0019,Deep Removal of Lead Ions from Manganese Sulfate Solution with High Concentration,[]
https://doi.org/10.1142/9789814696029_0020,Effects of Different Manganese Sources and Chemical Quality of Manganese Sources on the Electrochemical Performance of Spinel LiMn,[]
https://doi.org/10.1142/9789814696029_0022,The Influence of ABS with Different Contents of Butadiene on the Chemical Structure and Mechanical Properties of MCPA6/ABS Copolymer Alloys,[]
https://doi.org/10.1142/9789814696029_0023,Synergistic Inhibition Effect of Dimeric Surfactant 12-2-12 and Halide Ions on the Corrosion of A3 Carbon Steel in 1M HCl Solution,[]
https://doi.org/10.1142/9789814696029_0024,"Asymmetrically Perylene Diimide End Capping with POSS and 2-ethylhexyl: Synthesis, Self-assembly Behavior",[]
https://doi.org/10.1142/9789814696029_0025,Synthesis and Luminescence Properties of Tb Doped B,[]
https://doi.org/10.1142/9789814696029_0026,Research on Synthesis and Properties of a Flexible Epoxy Curing Agent,[]
https://doi.org/10.1142/9789814696029_0027,Dynamic Mechanical Properties of Epoxy Resin with Multifunctional Polyamine Curing Agent,[]
https://doi.org/10.1142/9789814696029_0028,Density Functional Theories Study on Structure and Photoelectron Spectroscopy of Positive Ion Ga,[]
https://doi.org/10.1142/9789814696029_0029,Direct Epitaxial Integration of the Ferromagnetic Semiconductor EuO with Silicon for Spintronic Applications,[]
https://doi.org/10.1142/9789814696029_0030,Effect of Unvulcanized Polar Graft-modified Rubbers on Mechanical and Thermal Properties of Polystyrene,[]
https://doi.org/10.1142/9789814696029_0031,The Progress of the LED-UV Curing Technology,[]
https://doi.org/10.1142/9789814696029_0032,Study on the Process of from Hard Zinc Slag Preparation Indium in Vacuum,[]
https://doi.org/10.1142/9789814696029_0033,Similar Construction Method of Solution for Solving the Spherical Seepage Model of Fractal Composite Reservoir with Double-porosity,[]
https://doi.org/10.1142/9789814696029_0034,Enhanced Conductivity and Color Neutrality of Transparent Conductive Electrodes Based on CNT/PEDOT: PSS Composite with a Layer-by-layer Structure,[]
https://doi.org/10.1142/9789814696029_0035,Novel Synthetic Route of PBO by Homo-polycondensation of New Monomer 4-(5-amino-6-hydroxybenzoxazole-2-yl) Benzoic Acid,[]
https://doi.org/10.1142/9789814696029_0036,Research of Structure and Hardness of TC4 Alloy for Centrifugal Castings,[]
https://doi.org/10.1142/9789814696029_0037,Numerical Simulation of Temperature Field of Magnesium Alloy during Hybrid Laser-MIG Welding,[]
https://doi.org/10.1142/9789814696029_0038,Electrospun Porous Nanofibers for Sports Apparel Fabrics,[]
https://doi.org/10.1142/9789814696029_0039,Study on the Printing Quality Comprehensive Evaluation of Color Inkjet Paper,[]
https://doi.org/10.1142/9789814696029_0040,Effect of Stannum on Recrystallization Texture and Magnetic Induction of Non-oriented Silicon Steel,[]
https://doi.org/10.1142/9789814696029_0041,Influence of Plate Thickness on the Fatigue Properties of A7N01 Aluminum Alloys Welded Joints,[]
https://doi.org/10.1142/9789814696029_0043,"Effects of Al-5Ti-B, Al-3B Refiners and Al-10Y Modifier on the Microstructure and Mechanical Properties of A356 Alloy",[]
https://doi.org/10.1142/9789814696029_0044,Deposition of the Silicon Dioxide Anti-reflection Thin Film by the Radio Frequency Method,[]
https://doi.org/10.1142/9789814696029_0045,The Study of the Silicon Dioxide Anti-reflection Film Prepared by the Sol-gel Method,[]
https://doi.org/10.1142/9789814696029_0046,The Duality of the Engineer as Contractor Administrator under FIDIC Contract Conditions,[]
https://doi.org/10.1142/9789814696029_0047,Absorbing Properties of Honeycomb Structure Absorbing Materials,[]
https://doi.org/10.1142/9789814696029_0048,The Transformation of Evaporator and the Design of Automatic Mechanical Defrosting Device,[]
https://doi.org/10.1142/9789814696029_0049,"FE Analysis on Radial-axial Hot Ring Rolling of Large-diameter, Wide-width and Thin-wall Ring",[]
https://doi.org/10.1142/9789814696029_0050,The Nano-indentation Experimental Determination of the Mechanical Properties of Laminated Composite Quadrature Interface of Boron Fiber/Epoxy,[]
https://doi.org/10.1142/9789814696029_0051,Influences of Carbon Nanotubes on Performance of W-Cu Composite Materials,[]
https://doi.org/10.1142/9789814696029_0052,Present and Future of Biomass Briquette Technology,[]
https://doi.org/10.1142/9789814696029_0053,The Properties and Application Technology of the Aluminum Foam Material,[]
https://doi.org/10.1142/9789814696029_0054,Electrometric Method and Numerical Simulation to Dangerous Stress of Eccentric Rod,[]
https://doi.org/10.1142/9789814696029_0055,Study on the Crashworthiness of Helical Thin Wall Pipe Structure,[]
https://doi.org/10.1142/9789814696029_0056,Study on Phase Transition and Coercivity of C-doped Co Sintered by High Temperature High Pressure,[]
https://doi.org/10.1142/9789814696029_0057,Large-scale 3D Measurement Based on Laser Ranging,[]
https://doi.org/10.1142/9789814696029_0058,Optimizing Electrodeposition Process for Preparing Copper-graphene Composite Film,[]
https://doi.org/10.1142/9789814696029_0059,3D Printing Technology and its Applications,[]
https://doi.org/10.1142/9789814696029_0060,Effects of Deformation Temperature on Microstructure Evolution of a Nb and Ti Micro-alloyed TRIP Steel,[]
https://doi.org/10.1142/9789814696029_0061,Study on Preparation Process and Properties of Bagasse Cellulose Regeneration Membrane,[]
https://doi.org/10.1142/9789814696029_0062,Interface Properties of Multi-layered Al/Mg Alloy Composites Materials Produced by Accumulative Roll Bonding (ARB) Process,[]
https://doi.org/10.1142/9789814696029_0063,Deformation Tracking Method of Asphalt Mixture Particles Based on Grid Calibration,[]
https://doi.org/10.1142/9789814696029_0065,"Microstructure, Age Hardening Response and Mechanical of Mg-8Gd-3Y-1.5Zn-0.5Zr Alloy",[]
https://doi.org/10.1142/9789814696029_0066,Preparation with Orthogonal Hydroxyapatite Nanomaterials,[]
https://doi.org/10.1142/9789814696029_0067,Characterization and Analysis of Nano-hydroxy Apatite Material,[]
https://doi.org/10.1142/9789814696029_0068,Friction Stir Welding Characteristics of 6061-T6 Aluminum Alloy Sheet,[]
https://doi.org/10.1142/9789814696029_0069,Crystal Structure of the Ternary Compound Er,[]
https://doi.org/10.1142/9789814696029_0070,Study on Preparing 4a Ultra-molecular Sieve with Citric Acid in Microwave Heating Condition,[]
https://doi.org/10.1142/9789814696029_0071,Preliminary Researches on Influence of Several Kinds of Plants Including ,[]
https://doi.org/10.1142/9789814696029_0072,The Application of System Simulation and Logistics Automation Technology in the Steel Production Logistics Process,[]
https://doi.org/10.1142/9789814696029_0073,Compositional Dependent Electronic and Transport Properties of Bi,[]
https://doi.org/10.1142/9789814696029_0074,A Large Reversible Strain Induced by Cold-rolling in a Single Crystal Cu-Zn-Al Shape Memory Alloy,[]
https://doi.org/10.1142/9789814696029_0075,Hardware Sub-system in Loading Automatic Test System for Measurement of Power Line Filters,[]
https://doi.org/10.1142/9789814696029_0076,Development and Application of Non-quenched and Tempered Steels,[]
https://doi.org/10.1142/9789814696029_0077,Lightweight Technology Path Analysis for New Energy Source Electric Bus,[]
https://doi.org/10.1142/9789814696029_0078,Estimation of Specific Parameter for Metal Cans Coated with Epoxy Resin in Migration Model,[]
https://doi.org/10.1142/9789814696029_0079,Inhibitory Effects of Plumbagin on Staphylococcus Aureus Biofilm In Vitro,[]
https://doi.org/10.1142/9789814696029_0080,Higher Order Crack-tip Fields for Mode III Crack in Power Functionally Graded Piezoelectric Materials,[]
https://doi.org/10.1142/9789814696029_0081,The Framework and Methods to Integrate a Ship-borne Conformal Antenna System,[]
https://doi.org/10.1142/9789814696029_bmatter,BACK MATTER,[]
https://doi.org/10.1142/9789812811318_fmatter,FRONT MATTER,[]
https://doi.org/10.1142/9789812811318_0001,A MEXICAN ELECTION - SPECIAL REPORT,[]
https://doi.org/10.1142/9789812811318_0003,UNIFICATION OF AGN,[]
https://doi.org/10.1142/9789812811318_0004,PHYSICAL PROCESSES IN STARBURST AND ACTIVE GALAXIES,[]
https://doi.org/10.1142/9789812811318_0005,ACCRETION AND EMISSION PROCESSES IN AGN,[]
https://doi.org/10.1142/9789812811318_0006,FUELING THE AGN,[]
https://doi.org/10.1142/9789812811318_0007,MASSIVE STARS IN ACTIVE GALACTIC NUCLEI,[]
https://doi.org/10.1142/9789812811318_0008,THE EVOLUTION OF QSOS,[]
https://doi.org/10.1142/9789813277984_fmatter,FRONT MATTER,[]
https://doi.org/10.1142/9789813277984_0001,Alloying Design and Process Strategy for High Performance 1800 MPa Press Hardening Steel,[]
https://doi.org/10.1142/9789813277984_0002,Development of Press Hardening Steel and Application Technology in Ma Steel,[]
https://doi.org/10.1142/9789813277984_0003,Effects of Al on Microstructure and Mechanical Properties of Ultrahigh Carbon Steel (UHCS),[]
https://doi.org/10.1142/9789813277984_0004,Microstructures and Properties of a Press Hardening Steel Subjected to Twice Partitioning Treatment,[]
https://doi.org/10.1142/9789813277984_0005,Microstructural and Mechanical Properties Development During Hot Stamping Process in a New Environmental Friendly Steel,[]
https://doi.org/10.1142/9789813277984_0007,Effect of Micro Alloying on Hardenability and Mechanical Properties of the 22MnB5 Hot Stamped Steel,[]
https://doi.org/10.1142/9789813277984_0008,Study on Extreme Tip Cold Bending Performance of Micro Alloyed Hot-stamped Steel,[]
https://doi.org/10.1142/9789813277984_0009,Overview on Coatings Developed on Press Hardened Steels for Automotive Applications,[]
https://doi.org/10.1142/9789813277984_0010,High Temperature Oxidation Behavior and Morphology Evolution of Galvannealed Coating in Hot Stamping,[]
https://doi.org/10.1142/9789813277984_0011,Corrosion Resistance of Zinc-based Coating for Hot Forming and Its Comparison with Aluminum-silicon Coating,[]
https://doi.org/10.1142/9789813277984_0012,Comparative Study of Corrosion Resistance of Different Types of Press-hardened Steels,[]
https://doi.org/10.1142/9789813277984_0013,The Effect of Dew Point Temperatures at Heating Section on the Inhibition Layer Morphology of Galvanized High Strength Steel,[]
https://doi.org/10.1142/9789813277984_0014,Applications of the Digital Image Correlation (DIC) Technique for High-temperature Strain Measurement: A Review,[]
https://doi.org/10.1142/9789813277984_0015,Investigation of the Constitutive Model for Warm Stamping of 7075-T6 Aluminum Alloy Sheet,[]
https://doi.org/10.1142/9789813277984_0016,Study on Microstructure Evolution and Mechanical Properties of Aluminum Alloy 7075 in Stamping Process,[]
https://doi.org/10.1142/9789813277984_0017,Research on Hot Stamping Forming Limit Diagram of 6061 Aluminum Alloy Sheet,[]
https://doi.org/10.1142/9789813277984_0018,Springback Analysis of 7075 Aluminum Alloy V-shape Parts After Hot Stamping,[]
https://doi.org/10.1142/9789813277984_0019,Study of Springback for High Strength Aluminium Alloys Under Hot Stamping,[]
https://doi.org/10.1142/9789813277984_0020,An Investigation on the Dynamic Property of Aluminum Alloy Sheets,[]
https://doi.org/10.1142/9789813277984_0021,Research on Influence of Precompression Process on Fatigue Properties of DP and TWIP Steel,[]
https://doi.org/10.1142/9789813277984_0022,The Effect of Pre-compression Deformation on Tension-compression Fatigue Properties of Hot Rolled DP590,[]
https://doi.org/10.1142/9789813277984_0023,Dual Phase Steel Development at TANGSTEEL and Its Application,[]
https://doi.org/10.1142/9789813277984_0024,Effect of Overaging Temperature on Microstructure and Mechanical Properties of Cold-rolled DP980 Steels,[]
https://doi.org/10.1142/9789813277984_0025,The Influence of Pre-compression Deformation on Tension Property of DP590,[]
https://doi.org/10.1142/9789813277984_0026,Study on Low Temperature Brittleness and Hydrogen Embrittlement of Automotive Dual Phase Steel Sheets,[]
https://doi.org/10.1142/9789813277984_0028,Effect of Load Histories on the Quenching and Partitioning Process,[]
https://doi.org/10.1142/9789813277984_0029,Theoretical Study of the Carbon Content of Retained Austenite After Quenching-partitioning,[]
https://doi.org/10.1142/9789813277984_0030,Damage Behavior of Boron Steels with Various Hardness Using the GTN and the Johnson-Cook Model,[]
https://doi.org/10.1142/9789813277984_0031,FE Simulation of Aluminium Galling Induced Forming Tool Failures Under Multi-cycle Loading Conditions: A Feasibility Study,[]
https://doi.org/10.1142/9789813277984_0032,Modelling of Materials Properties for Metal Forming Simulation,[]
https://doi.org/10.1142/9789813277984_0033,The Thermodynamics Calculation of Nb-V Bearing Press Hardened Steel During Hot Stamping Process,[]
https://doi.org/10.1142/9789813277984_0034,Effects of Nb-bearing Steel on the Crashworthiness of Hot-stamping B-pillar,[]
https://doi.org/10.1142/9789813277984_0035,Prediction Method for Dynamic Bending Toughness of 22MnB5 Hot Stamped Steel,[]
https://doi.org/10.1142/9789813277984_0036,Investigation for a Hot-stamped B-pillar of a SUV Based on Dynaform,[]
https://doi.org/10.1142/9789813277984_0037,"The Forming Process Analysis, Experimental Verification and Quality Optimization of the Variable Section Frame Longeron with QSTE650 High Strength Steel",[]
https://doi.org/10.1142/9789813277984_0038,Numerical Simulation of Hot Stamped 7075 Aluminum Alloy,[]
https://doi.org/10.1142/9789813277984_0039,Simulation on Direct Contact Heating of Aluminum Alloys,[]
https://doi.org/10.1142/9789813277984_0040,Analyzing Large Tooling Cooling Using CFD,[]
https://doi.org/10.1142/9789813277984_0041,Efficient Modelling of Cooling Channel Flow Conditions in Forming Tools for PHS,[]
https://doi.org/10.1142/9789813277984_0042,Investigation on 22MnB5 Thin-wall Welded Rectangular-tube by Progressive Induction Quenching,[]
https://doi.org/10.1142/9789813277984_0043,Identification of Hot Stamping Fully Martenstic Microstructure SEM Photograph with Support Vector Machine,[]
https://doi.org/10.1142/9789813277984_0044,Hot Stamping of Tailor Welded Blanks,[]
https://doi.org/10.1142/9789813277984_0045,A Novel Tailored Hot Stamping Tooling Concept to Achieve Multiple Locally Tailored Zones,[]
https://doi.org/10.1142/9789813277984_0046,A Novel Warm Stamping Process for Manufacturing Disc Springs,[]
https://doi.org/10.1142/9789813277984_0047,Research on the Deformation Temperature of Zinc Coated Press Hardened Steel in Hot Stamping Process,[]
https://doi.org/10.1142/9789813277984_0048,Effect of Tempering Treatment Process on Bendability of Press Hardening Steel,[]
https://doi.org/10.1142/9789813277984_0050,Developing New Steels for Hot Stamping via Partial Austenization,[]
https://doi.org/10.1142/9789813277984_0051,Research on Hot Blanking Process for Hot Forming of Press Hardened Steel,[]
https://doi.org/10.1142/9789813277984_0052,Simulation and Experimental Study on Particularly Thick Patch Hot Forming Process,[]
https://doi.org/10.1142/9789813277984_0053,Study on Technology of Hot Stamping Based on Automotive Light-weight Engineering,[]
https://doi.org/10.1142/9789813277984_0054,Hot Stamping Process Research on Sill Beam with 22MnB5 Steel,[]
https://doi.org/10.1142/9789813277984_0055,Experimental Investigation of Hot Stamping Used Al-Si Coated Blank Heating Process,[]
https://doi.org/10.1142/9789813277984_0056,Current Research and Challenges in Innovative Technology of Joining Dissimilar Materials for Electric Vehicles,[]
https://doi.org/10.1142/9789813277984_0057,Research Progress on Plastic Forming of Aluminum Alloy Sheet,[]
https://doi.org/10.1142/9789813277984_0058,Investigation on Fast Solution and Aging of 6061 Aluminum Alloy Sheet in Hot Stamping Processes and Its Negative Natural Aging Effect,[]
https://doi.org/10.1142/9789813277984_0059,Investigation on Hot Forming-quenching Integrated Process of High Strength AA7075 Aluminium Sheets,[]
https://doi.org/10.1142/9789813277984_0060,Investigation on Quench Rate of 7075 Aluminum Alloy Under Hot Stamping Conditions,[]
https://doi.org/10.1142/9789813277984_0061,High Performance Tool Steels for the Direct Hot Stamping Process of 22MnB5,[]
https://doi.org/10.1142/9789813277984_0062,Innovative Die Technology — A Paradigm Shift for an Efficient Solution,[]
https://doi.org/10.1142/9789813277984_0063,Superior Tool Steels for Hot Stamping of AHSS,[]
https://doi.org/10.1142/9789813277984_0064,Premium Tool Steels Solutions for Efficient Hot-stamping Applications,[]
https://doi.org/10.1142/9789813277984_0065,Tool Steel Solutions for Tailored Property Parts Produced via Hot Stamping,[]
https://doi.org/10.1142/9789813277984_0066,A Tooling Heating Design for Tailored Die Quenching in the Hot Stamping Process,[]
https://doi.org/10.1142/9789813277984_0067,Prediction of Die Spotting Compensation Value of a Large Stamping Die Based on Virtual Clamping Technique,[]
https://doi.org/10.1142/9789813277984_0068,Investigation on Tribological Behavior of 7075 Aluminum Alloy at Elevated Temperatures,[]
https://doi.org/10.1142/9789813277984_0069,KDAHP1 Tool Steels for Hot Stamping Mold Dies,[]
https://doi.org/10.1142/9789813277984_0070,High Performance Sheet Metal Hot Forming Technology and Service System,[]
https://doi.org/10.1142/9789813277984_0072,Enhance Reliability of Press Hardening Operations,[]
https://doi.org/10.1142/9789813277984_0073,"Design, Application and Challenges in Structural Ceramics for Press Quenching",[]
https://doi.org/10.1142/9789813277984_0074,Rolling Beam Furnace for Press Hardening,[]
https://doi.org/10.1142/9789813277984_0075,Advanced Design for Continuous Roller Furnace for Hot Forming Line,[]
https://doi.org/10.1142/9789813277984_0076,Optimization Strategy of Manipulator Structure for Multi-chamber Furnace in Hot Stamping Production Line,[]
https://doi.org/10.1142/9789813277984_0077,Optimization and Implementation of Efficiency-based Control Strategy: A Case Study of Hot Stamping Line,[]
https://doi.org/10.1142/9789813277984_0078,The Application and Research of Lightweight Design of High-speed Manipulator in Thermoforming Lines,[]
https://doi.org/10.1142/9789813277984_0079,Laser Softening of Press Hardened Steel for Novel Automotive Parts,[]
https://doi.org/10.1142/9789813277984_0080,Advanced Cleanliness Control in the 2nd Generation of Press Hardened Steels Produced by ArcelorMittal,[]
https://doi.org/10.1142/9789813277984_0081,The Effects of Strength for Hot Stamping Steel on Lightweight of Parts and Related Performance,[]
https://doi.org/10.1142/9789813277984_0082,Investigation on Mechanical Properties and Hydrogen Behavior Distribution of Nb and V Bearing 22MnB5 B-pillar,[]
https://doi.org/10.1142/9789813277984_0083,Hot-stamping Application for Lightweight Torsion Beam of Passengers Vehicle,[]
https://doi.org/10.1142/9789813277984_0084,Research on the Influence of Advanced Hot Stamping Door Ring on Vehicle Performance,[]
https://doi.org/10.1142/9789813277984_0085,The Analysis of Comprehensive Performance Evaluation of Press Hardened Steel by CSP Based on the Crashworthiness of B-pillar Reinforcement,[]
https://doi.org/10.1142/9789813277984_0086,Technological Optimization of B-pillar Reinforced Panel Manufactured by a Press-hardening Steel Exceeding 1800 MPa,[]
https://doi.org/10.1142/9789813277984_0087,Simulation and Performance Analysis for Upper Legform to WAD 775 mm Test,[]
https://doi.org/10.1142/9789813277984_bmatter,BACK MATTER,[]
https://doi.org/10.1142/9789813207301_fmatter,FRONT-MATTER,[]
https://doi.org/10.1142/9789813207301_0001,Development of High Performance Press Hardening Steel Through Microstructure Engineering,[]
https://doi.org/10.1142/9789813207301_0002,Low Density High Strength and High Toughness Steel with Ferrite and Martensite Laminated Structure,[]
https://doi.org/10.1142/9789813207301_0003,Study on the Mechanical Property Control of Hot Stamped Parts Based on the Grain Size,[]
https://doi.org/10.1142/9789813207301_0004,Improved Scale Adhesion of Uncoated Hot Stamped Steel,[]
https://doi.org/10.1142/9789813207301_0005,Application Research on Antioxidant Hot Formed PHS1500A Steel,[]
https://doi.org/10.1142/9789813207301_0006,Research Status of Hydrogen-Induced Delayed Cracking in Martensitic Ultra-High Strength Steel,[]
https://doi.org/10.1142/9789813207301_0007,Crack Propagation Research of Aluminum-Silicon Coated Boron Steel Under Plane Stress State,[]
https://doi.org/10.1142/9789813207301_0008,A Study on the Impact Resistance of LWB Hot Stamped B Pillar,[]
https://doi.org/10.1142/9789813207301_0009,Research on the Deformation Behavior of Aluminum Alloy Sheets Under Various Temperatures,[]
https://doi.org/10.1142/9789813207301_0010,Effects of Solution Temperature and Time on Microstructure and Properties of a 6061 Aluminum Alloy,[]
https://doi.org/10.1142/9789813207301_0011,Effects of Different Quenching Conditions on the Mechanical Properties of 6061 Aluminum Alloy in Hot Stamping,[]
https://doi.org/10.1142/9789813207301_0012,Microstructure and Mechanical Properties of Aluminum 7050 Alloy Sheet in Hot Stamping-Quenching Integrated Process with Cold Dies,[]
https://doi.org/10.1142/9789813207301_0013,Research of the Mechanical Performance After Galvanization of Innovative Multilayer Electric Power Fitting,[]
https://doi.org/10.1142/9789813207301_0014,Continuous Cooling Transformation of 1700 MPa Grade Hot Stamping Steel,[]
https://doi.org/10.1142/9789813207301_0015,The Response Characteristics of High Strength Steel for Automotive Under High Strain Rates,[]
https://doi.org/10.1142/9789813207301_0016,Test-Piece and Test-Rig Designs to Obtain High Accuracy Experimental Data for Boron Steel at Hot Stamping Conditions,[]
https://doi.org/10.1142/9789813207301_0017,The Corrosion Properties of Zinc Coated Boron Steel for the Direct Press Hardening Process,[]
https://doi.org/10.1142/9789813207301_0018,Morphology Alternation for Iron-Zinc Coating After Hot Stamping,[]
https://doi.org/10.1142/9789813207301_0019,The Research on Al-Si Coating for Hot Forming Steel,[]
https://doi.org/10.1142/9789813207301_0020,Microstructure Evolution Characterization of the Third Generation Automotive Steel and its Influence on the Mechanical Properties,[]
https://doi.org/10.1142/9789813207301_0022,Forming Limit Diagram at High Temperature for Hot Stamping Steel,[]
https://doi.org/10.1142/9789813207301_0023,Study on Laser Welding Procedures of Hot-Rolled Strip for 1500MPa Grade Hot Stamped Steel,[]
https://doi.org/10.1142/9789813207301_0024,Performance of Laser Weld Joints for QP980 and DP590 Steel Blanks with Different Thickness,[]
https://doi.org/10.1142/9789813207301_0025,Research on the Microstructures and Mechanical Properties of Cold Rolled Hot-Dip Galvanizing CP980 Steel,[]
https://doi.org/10.1142/9789813207301_0026,Experimental Study About the Effect of Heating Power of Spot Induction Hardening on Material Properties of 42CrMo,[]
https://doi.org/10.1142/9789813207301_0027,Comparison Research for Spring Backs of Dual-Phase Steels with Three Different Strength Grades,[]
https://doi.org/10.1142/9789813207301_0028,Prediction of Dynamic Flow Behavior of a Dual-Phase Steel,[]
https://doi.org/10.1142/9789813207301_0029,The Microstructures and Mechanical Properties of DP Steels,[]
https://doi.org/10.1142/9789813207301_0030,Research on Microstructure and Property of Hot-Rolled 700MPa Grade Automobile Sheet,[]
https://doi.org/10.1142/9789813207301_0031,Accurate Evaluation of Automotive Body Safety with Increasing Use of Advanced High Strength Steels,[]
https://doi.org/10.1142/9789813207301_0032,Crystal Plasticity Finite Element Model Based on Dislocation Density Evolution Coupling with Thermal Activation and Damage Mechanism,[]
https://doi.org/10.1142/9789813207301_0033,Effect of Material Damage on Thermal Forming Limit Prediction for Hot Stamping,[]
https://doi.org/10.1142/9789813207301_0034,A New Method in Cracking Prediction in Hot Stamping of High Strength Steel,[]
https://doi.org/10.1142/9789813207301_0035,Development of Press-Hardening Simulation System for Ultra-High Strength Steel Parts,[]
https://doi.org/10.1142/9789813207301_0036,Design and Development of Hot Forming Front Bumper Beam,[]
https://doi.org/10.1142/9789813207301_0037,Statistic Modeling and Optimization of the Sheet Performance in Resistance Heating Process of Hot Stamping,[]
https://doi.org/10.1142/9789813207301_0038,Study on Variable Gradient Characteristics Hot Stamping Under Non-Uniform Temperature Field,[]
https://doi.org/10.1142/9789813207301_0039,Analysis of Hot Forming of Ultra-High Strength Steel Hollow Part Using Variable Strength and Variable Cross Technology,[]
https://doi.org/10.1142/9789813207301_0040,"Lightweight Technologies — Trends, Challenges, Solutions",[]
https://doi.org/10.1142/9789813207301_0041,"Innovation, Development and Implementation of the HFQ",[]
https://doi.org/10.1142/9789813207301_0042,Advanced Manufacturing of Locally Graded Components for Lightweight Car Body Design,[]
https://doi.org/10.1142/9789813207301_0043,Advanced Manufacturing of Locally Graded Components for Lightweight Car Body Design,[]
https://doi.org/10.1142/9789814287876_fmatter,FRONT MATTER,[]
https://doi.org/10.1142/9789814287876_0001,SIMULATION AND EXPERIMENTAL RESULTS ON ,[]
https://doi.org/10.1142/9789814287876_0002,5-TERMINAL THz ,[]
https://doi.org/10.1142/9789814287876_0003,PERFORMANCE COMPARISON OF SCALED III-V AND ,[]
https://doi.org/10.1142/9789814287876_0004,A ROOM TEMPERATURE BALLISTIC DEFLECTION TRANSISTOR FOR HIGH PERFORMANCE APPLICATIONS,[]
https://doi.org/10.1142/9789814287876_0005,EMISSION AND INTENSITY MODULATION OF TERAHERTZ ELECTROMAGNETIC RADIATION UTILIZING 2-DIMENSIONAL PLASMONS IN DUAL-GRATING-GATE HEMT'S,[]
https://doi.org/10.1142/9789814287876_0006,MILLIMETER WAVE TO TERAHERTZ IN CMOS,[]
https://doi.org/10.1142/9789814287876_0007,THE EFFECTS OF INCREASING AlN MOLE FRACTION ON THE PERFORMANCE OF ,[]
https://doi.org/10.1142/9789814287876_0008,SURFACE ACOUSTIC WAVE PROPAGATION IN ,[]
https://doi.org/10.1142/9789814287876_0009,SOLAR-BLIND SINGLE-PHOTON ,[]
https://doi.org/10.1142/9789814287876_0010,MONTE CARLO SIMULATIONS OF ,[]
https://doi.org/10.1142/9789814287876_0011,THE FIRST 70NM 6-INCH ,[]
https://doi.org/10.1142/9789814287876_0012,HIGH-PERFORMANCE 50-NM METAMORPHIC HIGH ELECTRON-MOBILITY TRANSISTORS WITH HIGH BREAKDOWN VOLTAGES,[]
https://doi.org/10.1142/9789814287876_0013,MBE GROWTH AND CHARACTERIZATION OF ,[]
https://doi.org/10.1142/9789814287876_0014,PERFORMANCE OF MOSFETs ON REACTIVE-ION-ETCHED ,[]
https://doi.org/10.1142/9789814287876_0015,HIGH CURRENT DENSITY/HIGH VOLTAGE ,[]
https://doi.org/10.1142/9789814287876_0016, MOS-HEMT WITH THERMALLY GROWN OXIDE,[]
https://doi.org/10.1142/9789814287876_0017, TRANSISTORS FOR POWER SWITCHING AND MILLIMETER-WAVE APPLICATIONS,[]
https://doi.org/10.1142/9789814287876_0019,EFFECT OF GATE OXIDE PROCESSES ON ,[]
https://doi.org/10.1142/9789814287876_0020,CHARACTERIZATION AND MODELING OF INTEGRATED DIODE IN 1.2kV ,[]
https://doi.org/10.1142/9789814287876_0021,PACKAGING AND WIDE-PULSE SWITCHING OF 4 MM × 4 MM SILICON CARBIDE GTOs,[]
https://doi.org/10.1142/9789814287876_0022,BI-DIRECTIONAL SCALABLE SOLID-STATE CIRCUIT BREAKERS FOR HYBRID-ELECTRIC VEHICLES,[]
https://doi.org/10.1142/9789813140622_fmatter,FRONT MATTER,[]
https://doi.org/10.1142/9789813140622_0001,Recent Developments and Challenges in Hot Stamping of Boron Steel,[]
https://doi.org/10.1142/9789813140622_0002,Development of High Strength Boron Alloyed Steel,[]
https://doi.org/10.1142/9789813140622_0003,Updates for Development and Applications of Automotive High Strength Steel,[]
https://doi.org/10.1142/9789813140622_0005,Hot Forming of Medium Mn Steels with TRIP Effect,[]
https://doi.org/10.1142/9789813140622_0006,Microstructures and Mechanical Properties of a Martensitic Stainless Steel Sheet for Hot Stamping with Higher Strength-Ductility,[]
https://doi.org/10.1142/9789813140622_0007,Elevated Plastic Flow Behavior of High Strength Boron Steel based on the Modified Zerilli-Armstrong Model,[]
https://doi.org/10.1142/9789813140622_0008,Continuous Cooling Transformation of 1500 MPa Grade Hot Stamping Steel,[]
https://doi.org/10.1142/9789813140622_0009,Bendability Improvement by Optimizing the Amount of Micro Alloy in Boron Steel,[]
https://doi.org/10.1142/9789813140622_0010,The Mechanical Performance and Micro-Structure of 1500MPa Hot Rolled Steel for Hot Forming,[]
https://doi.org/10.1142/9789813140622_0011,Research on Grain Growth Behavior of Boron Steel,[]
https://doi.org/10.1142/9789813140622_0012,A Research on Selective Carburization Process of Low Carbon Steel,[]
https://doi.org/10.1142/9789813140622_0013,Experimental Study on PHS1500 Hot Formed Steel by Surface Modification,[]
https://doi.org/10.1142/9789813140622_0014,The Evolution of Oxidation Scales on 22MnB5 Hot Press Forming Steel during Rapid Heating,[]
https://doi.org/10.1142/9789813140622_0015,Research on Tailored Mechanical Properties of Different Non-Boron Alloyed Steels by Hot Stamping,[]
https://doi.org/10.1142/9789813140622_0016,Investigation on Formability of High Strength Aluminum Sheet AA7075 with HFQ Process,[]
https://doi.org/10.1142/9789813140622_0017,Welding Process and Mechanical Properties of Resistance Spot Welded Joint of Hot Stamping 22MnB5 Steel,[]
https://doi.org/10.1142/9789813140622_0018,Resistance Spot Welding Test of 1300HF Hot Forming Steel,[]
https://doi.org/10.1142/9789813140622_0019,Microcacks in Galvannealed Hot Stamping 22MnB5 Steel,[]
https://doi.org/10.1142/9789813140622_0020,Crack Propagation in Al-Si Coating with the Increasing Tensile Strains,[]
https://doi.org/10.1142/9789813140622_0021,Coating Preparation for Press Hardening Steel by Pack Cementation Aluminizing and Coating Microstructure Evolution during Austenitization,[]
https://doi.org/10.1142/9789813140622_0022,The Development of Data Processing Software for Dynamic Tension of Materials,[]
https://doi.org/10.1142/9789813140622_0023,Experimental Study on the Formability of Hot Hardened Steel 22MnB5 at Elevated Temperatures,[]
https://doi.org/10.1142/9789813140622_0024,Analysis on Experimental Techniques for Generating FLD at Elevated Temperatures,[]
https://doi.org/10.1142/9789813140622_0025,Microstructure and Mechanical Properties of Fe-18Mn-10Al-1.2C Steel,[]
https://doi.org/10.1142/9789813140622_0027,Effect of Boron on Microstructure and Texture of Interstitial Free Steel,[]
https://doi.org/10.1142/9789813140622_0028,Influence of Annealing Technology on the Microstructure and Mechanical Properties of Cold Rolled Medium Manganese Steel,[]
https://doi.org/10.1142/9789813140622_0029,Research on Stamping Performance of Dual Phase Steel in Tailor Welded Blanks,[]
https://doi.org/10.1142/9789813140622_0030,Research on Microstructure Property and Crack Propagation Behavior of Cold-Rolled Hot Dip Galvanized DP780 Dual Phase Steel,[]
https://doi.org/10.1142/9789813140622_0031,Research on the Microstructures and Mechanical Properties of Two Kinds of Cold Rolled DP980 Steels,[]
https://doi.org/10.1142/9789813140622_0032,Strain Rate Sensitivity of a Ferrite and Martensite Dual Phase Steel,[]
https://doi.org/10.1142/9789813140622_0033,Effect of Strain Path on the Dynamic Mechanical Properties of DP780,[]
https://doi.org/10.1142/9789813140622_0034,Study on Mechanical Properties and Failure Modes of Hot Forming Steel under Different Strain Rates,[]
https://doi.org/10.1142/9789813140622_0035,The Effect of Various Process Patterns on Strain-Fatigue Property of DP780 Steel-Experiments and Simulations,[]
https://doi.org/10.1142/9789813140622_0036,The Study of Fatigue Property of Dual Phase Steel based on a Simple Life Prediction Model,[]
https://doi.org/10.1142/9789813140622_0037,Mechanical Properties and Microstructure of DP Steel Sheets under Dynamic Loads,[]
https://doi.org/10.1142/9789813140622_0038,The Study of Dynamic Strength Evaluation of Advanced High Strength Steel,[]
https://doi.org/10.1142/9789813140622_0039,Selective Oxidation Behaviors of a DP780 Steel during Hot-Dip Galvanizing Process,[]
https://doi.org/10.1142/9789813140622_0040,Coating Quality of Hot Dipped Steel with Different Zinc Bath Chemistries and Air Knife Flow Rates,[]
https://doi.org/10.1142/9789813140622_0041,Research and Development of Self-Lubricated Galvannealed Steel Sheet for Automobile,[]
https://doi.org/10.1142/9789813140622_0042,Influence of Galvannealing Temperature on Fe-Zn Coating Properties of GA DP590,[]
https://doi.org/10.1142/9789813140622_0043,Grain Size and Texture Study of Controlled Skin-Passed Hot-Dip Galvanized Coating,[]
https://doi.org/10.1142/9789813140622_0044,Analysis of Spot Defects Caused by Hard Material being Pressed-Into the Cold-Rolled Steel Sheets,[]
https://doi.org/10.1142/9789813140622_0045,EBSD Analysis of Laser Welded Joints for Dissimilar Steels with Different Thicknesses,[]
https://doi.org/10.1142/9789813140622_0046,Magnetic Barkhausen Noise Signal Characteristics of TRIP800 under Uniaxial Tension,[]
https://doi.org/10.1142/9789813140622_0048,Numerical Simulation and Experimental Verification of Aluminum Alloy Tensile Behavior at Elevated Temperature,[]
https://doi.org/10.1142/9789813140622_0049,The Research on Carbon Partition Model and Calculation of Q&P Steel,[]
https://doi.org/10.1142/9789813140622_0050,Function Relationship between Structural Characteristics of Automotive Beam Parts and Wrinkling in Hot Stamping,[]
https://doi.org/10.1142/9789813140622_0051,Finite Element Simulation for Hot Stamping of Automobile Pillar Inner Panel,[]
https://doi.org/10.1142/9789813140622_0052,Investigation into the Hardness Prediction and Crashworthiness of the Local Tempered Parts,[]
https://doi.org/10.1142/9789813140622_0053,Dynamic Deformed Behavior and Optimization Design of High Strength Steel TWB Structures,[]
https://doi.org/10.1142/9789813140622_0054,Optimal Design and Hot Stamping of B-Pillar Reinforcement Panel with Variable Strength based on Side Impact,[]
https://doi.org/10.1142/9789813140622_0055,Multi-Objective Optimization for School Bus Rollover Safety with Hot-Formed Steel Side Structures,[]
https://doi.org/10.1142/9789813140622_0056,FEM Simulation Analysis of the Effect of Air Gap on Spot Induction Hardening Process,[]
https://doi.org/10.1142/9789813140622_0057,Inverse Method to Investigate Thermal Behavior for Hot Stamping,[]
https://doi.org/10.1142/9789813140622_0058,Inverse Estimation of Interfacial Heat Transfer Coefficient Between Blank and Die in Hot Stamping,[]
https://doi.org/10.1142/9789813140622_0059,Numerical Simulation on Cooling System of Hot Stamping Mold In B-Pillar,[]
https://doi.org/10.1142/9789813140622_0060,A Fatigue Life Model for DP780 Wheel during Rotary Bending Process,[]
https://doi.org/10.1142/9789813140622_0061,Assessment of Anisotropic Yield Criterion for Strain Prediction in Non-Axisymmetric Deep Drawing of Dual-Phase Steel,[]
https://doi.org/10.1142/9789813140622_0062,Study on the Deflection Mechanism in Radial Ring Rolling,[]
https://doi.org/10.1142/9789813140622_0063,Tendency of Heat Treatment of Large Workpieces: Novel ATQ Technology,[]
https://doi.org/10.1142/9789813140622_0064,Research on Hot Stamping Process for Ultra-High Strength Steel with High Product of Strength and Plasticity,[]
https://doi.org/10.1142/9789813140622_0065,"Prediction of Thinning Behavior for Complex-Shaped, Lightweight Alloy Panels Formed Through a Hot Stamping Process",[]
https://doi.org/10.1142/9789813140622_0066,Advanced Hot Forming Treatment AHFT Technology for High-Strength-Ductility Auto-Parts,[]
https://doi.org/10.1142/9789813140622_0067,Advances in Tailored Hot Stamping – Innovations in Material and Local Patchwork Topology,[]
https://doi.org/10.1142/9789813140622_0068,Research on High Strength Steel Hot Stamping Technology and Equipment,[]
https://doi.org/10.1142/9789813140622_0069,Research on High Strength Steel Hot Stamping Technology and Equipment,[]
https://doi.org/10.1142/9789814460385_fmatter,FRONT MATTER,[]
https://doi.org/10.1142/9789814460385_0001,Chapter 1: Utility Theory,[]
https://doi.org/10.1142/9789814460385_0002,Chapter 2: Pricing Kernel and Stochastic Discount Factor,[]
https://doi.org/10.1142/9789814460385_0003,Chapter 3: Risk Measures,[]
https://doi.org/10.1142/9789814460385_0004,Chapter 4: Consumption and Portfolio Selection,[]
https://doi.org/10.1142/9789814460385_0005,Chapter 5: Optimum Demand and Mutual Fund Theorem,[]
https://doi.org/10.1142/9789814460385_0006,Chapter 6: Mean–Variance Frontier,[]
https://doi.org/10.1142/9789814460385_0007,Chapter 7: Solving Black–Scholes with Fourier Transform,[]
https://doi.org/10.1142/9789814460385_0008,Chapter 8: Capital Structure Theory,[]
https://doi.org/10.1142/9789814460385_0009,Chapter 9: General Equilibrium,[]
https://doi.org/10.1142/9789814460385_0010,Chapter 10: Discontinuity in Continuous Time,[]
https://doi.org/10.1142/9789814460385_0011,Chapter 11: Spanning and Capital Market Theories,[]
https://doi.org/10.1142/9789814460385_bmatter,BACK MATTER,[]
https://doi.org/10.1142/9789814390484_fmatter,FRONT MATTER,[]
https://doi.org/10.1142/9789814390484_0001,Basic Calculus of Variations,[]
https://doi.org/10.1142/9789814390484_0002,Applications of the Calculus of Variations in Mechanics,[]
https://doi.org/10.1142/9789814390484_0003,Elements of Optimal Control Theory,[]
https://doi.org/10.1142/9789814390484_0004,Functional Analysis,[]
https://doi.org/10.1142/9789814390484_0005,Applications of Functional Analysis in Mechanics,[]
https://doi.org/10.1142/9789814390484_bmatter,BACK MATTER,[]
https://doi.org/10.1142/9789812795229_fmatter,FRONT MATTER,[]
https://doi.org/10.1142/9789812795229_0001,INTRODUCTION AND SURVEY,[]
https://doi.org/10.1142/9789812795229_0002,WAVE MEANING OF THE SPECIAL RELATIVITY THEORY,[]
https://doi.org/10.1142/9789812795229_0003,CHANGE OF REFERENCE FRAME,[]
https://doi.org/10.1142/9789812795229_0004,RELATIVISTIC AND CLASSICAL MECHANICS,[]
https://doi.org/10.1142/9789812795229_0005,EXPERIMENTAL TESTS OF SPECIAL RELATIVITY,[]
https://doi.org/10.1142/9789812795229_0006,PARTIAL DIFFERENTIAL EQUATIONS OF SECOND ORDER,[]
https://doi.org/10.1142/9789812795229_0007,THE WAVE PACKET CONCEPT,[]
https://doi.org/10.1142/9789812795229_0008,ELECTROMAGNETISM,[]
https://doi.org/10.1142/9789812795229_0009,ELECTROMAGNETIC INDUCTION,[]
https://doi.org/10.1142/9789812795229_0010,AMPÈRE AND LORENTZ FORCES,[]
https://doi.org/10.1142/9789812795229_0011,THE LIÉNARD-WIECHERT POTENTIAL,[]
https://doi.org/10.1142/9789812795229_0012,ANALYSIS OF THE ELECTROMAGNETIC FIELD,[]
https://doi.org/10.1142/9789812795229_0013,PHOTONICS VERSUS ELECTROMAGNETISM,[]
https://doi.org/10.1142/9789812795229_0014,RADIATION OF EXTENDED SOURCES,[]
https://doi.org/10.1142/9789812795229_0015,THE GREEN FORMULATION,[]
https://doi.org/10.1142/9789812795229_0016,WAVE EXTINCTION IN A DIELECTRIC,[]
https://doi.org/10.1142/9789812795229_0017,PLASMA EQUATIONS,[]
https://doi.org/10.1142/9789812795229_0018,CONCLUSION,[]
https://doi.org/10.1142/9789812795229_bmatter,BACK MATTER,[]
https://doi.org/10.1142/9789812705280_fmatter,FRONT MATTER,[]
https://doi.org/10.1142/9789812705280_0001,MODELING ELECTRON TRANSPORT IN MOSFET DEVICES: EVOLUTION AND STATE OF THE ART,[]
https://doi.org/10.1142/9789812705280_0002,PARTICLE MODELS FOR DEVICE SIMULATION,[]
https://doi.org/10.1142/9789812705280_0003,EFFECTIVE POTENTIALS AND QUANTUM FLUID MODELS: A THERMODYNAMIC APPROACH,[]
https://doi.org/10.1142/9789812705280_0004,SELF-CONSISTENT MODELING OF MOSFET QUANTUM EFFECTS BY SOLVING THE SCHRÖDINGER AND BOLTZMANN SYSTEM OF EQUATIONS,[]
https://doi.org/10.1142/9789812705280_0005,HYDRODYNAMIC MODELING OF RF NOISE FOR SILICON-BASED DEVICES,[]
https://doi.org/10.1142/9789812705280_0006,CARBON NANOTUBES AS A PERFECTLY CONDUCTING CYLINDER,[]
https://doi.org/10.1142/9789812705280_0007,HOT CARRIER EFFECTS WITHIN MACROSCOPIC TRANSPORT MODELS,[]
https://doi.org/10.1142/9789814528719,Advanced Database Systems for Integration of Media and User Environments '98: Proceedings of the Workshop,[]
