MissionName,Url,AddTime,Statu
测试02,https://aip.scitation.org/,2019-01-16 16:41:41,success
测试02,https://aip.scitation.org/journal/sci,2019-01-16 16:42:23,success
测试02,https://aip.scitation.org/journal/rsi,2019-01-16 16:42:25,success
测试02,https://aip.scitation.org/journal/php,2019-01-16 16:42:28,success
测试02,https://aip.scitation.org/journal/phf,2019-01-16 16:42:30,success
测试02,https://aip.scitation.org/journal/mmm,2019-01-16 16:42:30,success
测试02,https://aip.scitation.org/journal/ltp,2019-01-16 16:42:32,success
测试02,https://aip.scitation.org/journal/jpr,2019-01-16 16:42:35,success
测试02,https://aip.scitation.org/journal/rse,2019-01-16 16:42:37,success
测试02,https://aip.scitation.org/journal/jmp,2019-01-16 16:42:38,success
测试02,https://aip.scitation.org/journal/jcp,2019-01-16 16:42:38,success
测试02,https://aip.scitation.org/journal/jap,2019-01-16 16:42:39,success
测试02,https://aip.scitation.org/journal/csx,2019-01-16 16:42:41,success
测试02,https://aip.scitation.org/journal/cip,2019-01-16 16:42:42,success
测试02,https://aip.scitation.org/journal/cha,2019-01-16 16:42:44,success
测试02,https://aca.scitation.org/journal/sdy,2019-01-16 16:42:46,success
测试02,https://aip.scitation.org/journal/bmf,2019-01-16 16:42:47,success
测试02,https://aip.scitation.org/doi/10.1063/1.5086196,2019-01-16 16:42:48,success
测试02,https://aca.scitation.org/doi/10.1063/1.5079265,2019-01-16 16:42:48,success
测试02,https://aip.scitation.org/doi/10.1063/1.5041966,2019-01-16 16:42:51,success
测试02,https://aip.scitation.org/doi/10.1063/1.5045270,2019-01-16 16:42:51,success
测试02,https://aca.scitation.org/doi/abs/10.1063/1.5079265,2019-01-16 16:42:52,success
测试02,https://physicstoday.scitation.org/journal/pto,2019-01-16 16:42:52,success
测试02,https://aip.scitation.org/doi/10.1063/1.5054698,2019-01-16 16:42:54,success
测试02,https://aip.scitation.org/doi/10.1063/1.5038318,2019-01-16 16:42:55,success
测试02,https://aip.scitation.org/doi/10.1063/1.5078521,2019-01-16 16:42:56,success
测试02,https://physicstoday.scitation.org/doi/10.1063/PT.3.4003,2019-01-16 16:42:57,success
测试02,https://aip.scitation.org/doi/10.1063/1.5016519,2019-01-16 16:42:58,success
测试02,https://physicstoday.scitation.org/doi/10.1063/PT.3.4120,2019-01-16 16:42:59,success
测试02,https://aip.scitation.org/doi/10.1063/1.5053087,2019-01-16 16:43:00,success
测试02,https://aip.scitation.org/doi/10.1063/1.5081132,2019-01-16 16:43:00,success
测试02,https://physicstoday.scitation.org/doi/10.1063/PT.3.4113,2019-01-16 16:43:00,success
测试02,https://physicstoday.scitation.org/doi/10.1063/PT.3.4112,2019-01-16 16:43:01,success
测试02,https://aip.scitation.org/doi/10.1063/1.5058275,2019-01-16 16:43:02,success
测试02,https://aip.scitation.org/doi/10.1109/MCSE.2013.21,2019-01-16 16:43:03,success
测试02,https://physicstoday.scitation.org/doi/10.1063/PT.3.4106,2019-01-16 16:43:03,success
测试02,https://aip.scitation.org/doi/10.1063/1.5052341,2019-01-16 16:43:04,success
测试02,https://aip.scitation.org/doi/10.1063/1.168749,2019-01-16 16:43:05,success
测试02,https://physicstoday.scitation.org/do/10.1063/PT.6.1.20190107a/full/,2019-01-16 16:43:06,success
测试02,https://aip.scitation.org/doi/10.1063/1.5028122,2019-01-16 16:43:08,success
测试02,https://aip.scitation.org/doi/10.1063/1.5064838,2019-01-16 16:43:08,success
测试02,https://aip.scitation.org/doi/10.1063/1.5061819,2019-01-16 16:43:09,success
测试02,https://physicstoday.scitation.org/do/10.1063/PT.6.3.20190109a/full/,2019-01-16 16:43:09,success
测试02,https://aip.scitation.org/doi/abs/10.1063/1.5045270,2019-01-16 16:43:10,success
测试02,https://aip.scitation.org/doi/10.1063/1.5063425,2019-01-16 16:43:10,success
测试02,https://aip.scitation.org/doi/abs/10.1063/1.5041966,2019-01-16 16:43:12,success
测试02,https://physicstoday.scitation.org/do/10.1063/PT.6.1.20190110a/full/,2019-01-16 16:43:13,success
测试02,https://aip.scitation.org/doi/abs/10.1063/1.5038318,2019-01-16 16:43:13,success
测试02,https://aip.scitation.org/doi/abs/10.1063/1.5054698,2019-01-16 16:43:15,success
测试02,https://aip.scitation.org/doi/abs/10.1063/1.5078521,2019-01-16 16:43:15,success
测试02,https://physicstoday.scitation.org/do/10.1063/PT.6.2.20190111a/full/,2019-01-16 16:43:16,success
测试02,https://aip.scitation.org/doi/abs/10.1063/1.5016519,2019-01-16 16:43:17,success
测试02,https://physicstoday.scitation.org/do/10.1063/PT.6.1.20190111a/full/,2019-01-16 16:43:17,success
测试02,https://aip.scitation.org/doi/abs/10.1063/1.5081132,2019-01-16 16:43:18,success
测试02,https://physicstoday.scitation.org/do/10.1063/PT.6.1.20190115a/full/,2019-01-16 16:43:19,success
测试02,https://physicstoday.scitation.org/doi/10.1063/PT.3.4110,2019-01-16 16:43:19,success
测试02,https://aip.scitation.org/doi/abs/10.1063/1.5053087,2019-01-16 16:43:20,success
测试02,https://aip.scitation.org/doi/abs/10.1109/MCSE.2013.21,2019-01-16 16:43:22,success
测试02,https://aip.scitation.org/doi/abs/10.1063/1.5058275,2019-01-16 16:43:23,success
测试02,https://aip.scitation.org/doi/abs/10.1063/1.168749,2019-01-16 16:43:24,success
测试02,https://aip.scitation.org/doi/abs/10.1063/1.5052341,2019-01-16 16:43:24,success
测试02,https://aip.scitation.org/doi/abs/10.1063/1.5028122,2019-01-16 16:43:27,success
测试02,https://aip.scitation.org/doi/abs/10.1063/1.5064838,2019-01-16 16:43:29,success
测试02,https://aip.scitation.org/doi/abs/10.1063/1.5063425,2019-01-16 16:43:30,success
测试02,https://aca.scitation.org/doi/10.1063/1.5058172,2019-01-16 16:43:33,success
测试02,https://aca.scitation.org/doi/10.1063/1.4996505,2019-01-16 16:43:34,success
测试02,https://aip.scitation.org/doi/10.1063/1.5065901,2019-01-16 16:43:35,success
测试02,https://aca.scitation.org/doi/abs/10.1063/1.5058172,2019-01-16 16:43:35,success
测试02,https://aip.scitation.org/doi/10.1063/1.4921039,2019-01-16 16:43:36,success
测试02,https://aip.scitation.org/doi/10.1063/1.5034516,2019-01-16 16:43:37,success
测试02,https://aca.scitation.org/doi/10.1063/1.5063530,2019-01-16 16:43:37,success
测试02,https://aca.scitation.org/doi/abs/10.1063/1.4996505,2019-01-16 16:43:38,success
测试02,https://aip.scitation.org/doi/10.1063/1.3456626,2019-01-16 16:43:39,success
测试02,https://aip.scitation.org/doi/10.1063/1.5059370,2019-01-16 16:43:40,success
测试02,https://aip.scitation.org/doi/10.1063/1.5048938,2019-01-16 16:43:41,success
测试02,https://aip.scitation.org/doi/10.1063/1.5066195,2019-01-16 16:43:41,success
测试02,https://aip.scitation.org/doi/10.1063/1.5047016,2019-01-16 16:43:41,success
测试02,https://aca.scitation.org/doi/10.1063/1.5068756,2019-01-16 16:43:42,success
测试02,https://aca.scitation.org/doi/10.1063/1.4978742,2019-01-16 16:43:43,success
测试02,https://aip.scitation.org/doi/10.1063/1.5063369,2019-01-16 16:43:43,success
测试02,https://aca.scitation.org/doi/abs/10.1063/1.5063530,2019-01-16 16:43:43,success
测试02,https://aip.scitation.org/doi/10.1063/1.5023386,2019-01-16 16:43:44,success
测试02,https://aip.scitation.org/doi/10.1063/1.5034791,2019-01-16 16:43:45,success
测试02,https://aca.scitation.org/doi/10.1063/1.4989401,2019-01-16 16:43:46,success
测试02,https://aca.scitation.org/doi/10.1063/1.4993755,2019-01-16 16:43:47,success
测试02,https://aca.scitation.org/doi/10.1063/1.4989862,2019-01-16 16:43:47,success
测试02,https://aip.scitation.org/doi/10.1063/1.5049149,2019-01-16 16:43:47,success
测试02,https://aip.scitation.org/doi/10.1063/1.5039965,2019-01-16 16:43:48,success
测试02,https://aca.scitation.org/doi/abs/10.1063/1.5068756,2019-01-16 16:43:48,success
测试02,https://aip.scitation.org/doi/10.1063/1.5061922,2019-01-16 16:43:51,success
测试02,https://aip.scitation.org/doi/abs/10.1063/1.5065901,2019-01-16 16:43:52,success
测试02,https://aca.scitation.org/doi/abs/10.1063/1.4978742,2019-01-16 16:43:52,success
测试02,https://aip.scitation.org/doi/abs/10.1063/1.5034516,2019-01-16 16:43:53,success
测试02,https://aca.scitation.org/doi/abs/10.1063/1.4993755,2019-01-16 16:43:53,success
测试02,https://aca.scitation.org/doi/abs/10.1063/1.4989401,2019-01-16 16:43:55,success
测试02,https://aca.scitation.org/doi/abs/10.1063/1.4989862,2019-01-16 16:43:56,success
测试02,https://aip.scitation.org/doi/abs/10.1063/1.3456626,2019-01-16 16:43:56,success
测试02,https://aip.scitation.org/doi/abs/10.1063/1.5066195,2019-01-16 16:43:58,success
测试02,https://aip.scitation.org/doi/abs/10.1063/1.4921039,2019-01-16 16:43:59,success
测试02,https://aip.scitation.org/doi/abs/10.1063/1.5047016,2019-01-16 16:43:59,success
测试02,https://aca.scitation.org/doi/10.1063/1.5046776,2019-01-16 16:44:01,success
测试02,https://aip.scitation.org/doi/abs/10.1063/1.5063369,2019-01-16 16:44:01,success
测试02,https://aca.scitation.org/doi/10.1063/1.5009822,2019-01-16 16:44:02,success
测试02,https://aca.scitation.org/doi/10.1063/1.5045167,2019-01-16 16:44:02,success
测试02,https://aip.scitation.org/doi/abs/10.1063/1.5034791,2019-01-16 16:44:03,success
测试02,https://aca.scitation.org/doi/10.1063/1.5045578,2019-01-16 16:44:04,success
测试02,https://aip.scitation.org/doi/abs/10.1063/1.5023386,2019-01-16 16:44:04,success
测试02,https://aca.scitation.org/doi/10.1063/1.5038015,2019-01-16 16:44:05,success
测试02,https://aip.scitation.org/doi/abs/10.1063/1.5048938,2019-01-16 16:44:05,success
测试02,https://aca.scitation.org/doi/10.1063/1.5053466,2019-01-16 16:44:07,success
测试02,https://aca.scitation.org/doi/abs/10.1063/1.5046776,2019-01-16 16:44:07,success
测试02,https://aca.scitation.org/doi/10.1063/1.5052217,2019-01-16 16:44:08,success
测试02,https://aip.scitation.org/doi/abs/10.1063/1.5059370,2019-01-16 16:44:09,success
测试02,https://aca.scitation.org/doi/abs/10.1063/1.5045167,2019-01-16 16:44:09,success
测试02,https://aca.scitation.org/doi/abs/10.1063/1.5009822,2019-01-16 16:44:10,success
测试02,https://aip.scitation.org/doi/abs/10.1063/1.5049149,2019-01-16 16:44:10,success
测试02,https://aip.scitation.org/doi/abs/10.1063/1.5039965,2019-01-16 16:44:12,success
测试02,https://aip.scitation.org/doi/abs/10.1063/1.5061922,2019-01-16 16:44:13,success
测试02,https://aca.scitation.org/doi/abs/10.1063/1.5045578,2019-01-16 16:44:13,success
测试02,https://aca.scitation.org/doi/abs/10.1063/1.5052217,2019-01-16 16:44:14,success
测试02,https://aip.scitation.org/doi/10.1063/1.5052299,2019-01-16 16:44:14,success
测试02,https://aca.scitation.org/doi/abs/10.1063/1.5053466,2019-01-16 16:44:16,success
测试02,https://aca.scitation.org/doi/abs/10.1063/1.5038015,2019-01-16 16:44:16,success
测试02,https://aip.scitation.org/doi/10.1063/1.5050018,2019-01-16 16:44:17,success
测试02,https://aip.scitation.org/doi/10.1063/1.5027718,2019-01-16 16:44:19,success
测试02,https://aip.scitation.org/doi/10.1063/1.5046457,2019-01-16 16:44:20,success
测试02,https://aip.scitation.org/doi/10.1063/1.5039508,2019-01-16 16:44:20,success
测试02,https://aip.scitation.org/doi/10.1063/1.4940236,2019-01-16 16:44:22,success
测试02,https://aip.scitation.org/doi/10.1063/1.5024395,2019-01-16 16:44:24,success
测试02,https://aip.scitation.org/doi/10.1063/1.5040854,2019-01-16 16:44:26,success
测试02,https://aip.scitation.org/doi/10.1063/1.5025050,2019-01-16 16:44:26,success
测试02,https://aip.scitation.org/doi/10.1063/1.5049475,2019-01-16 16:44:27,success
测试02,https://aip.scitation.org/doi/10.1063/1.5053859,2019-01-16 16:44:29,success
测试02,https://aip.scitation.org/doi/10.1063/1.5063335,2019-01-16 16:44:33,success
测试02,https://aip.scitation.org/doi/10.1063/1.5054795,2019-01-16 16:44:33,success
测试02,https://aip.scitation.org/doi/10.1063/1.5048115,2019-01-16 16:44:33,success
测试02,https://aip.scitation.org/doi/10.1063/1.5040757,2019-01-16 16:44:35,success
测试02,https://aip.scitation.org/doi/abs/10.1063/1.5052299,2019-01-16 16:44:35,success
测试02,https://aip.scitation.org/doi/10.1063/1.5077075,2019-01-16 16:44:38,success
测试02,https://aip.scitation.org/doi/10.1063/1.5062598,2019-01-16 16:44:38,success
测试02,https://aip.scitation.org/doi/abs/10.1063/1.5050018,2019-01-16 16:44:39,success
测试02,https://aip.scitation.org/doi/10.1063/1.5048199,2019-01-16 16:44:40,success
测试02,https://aip.scitation.org/doi/10.1063/1.168748,2019-01-16 16:44:41,success
测试02,https://aip.scitation.org/doi/abs/10.1063/1.5039508,2019-01-16 16:44:43,success
测试02,https://aip.scitation.org/doi/abs/10.1063/1.4940236,2019-01-16 16:44:44,success
测试02,https://aip.scitation.org/doi/abs/10.1063/1.5024395,2019-01-16 16:44:46,success
测试02,https://aip.scitation.org/doi/abs/10.1063/1.5046457,2019-01-16 16:44:47,success
测试02,https://aip.scitation.org/doi/abs/10.1063/1.5025050,2019-01-16 16:44:48,success
测试02,https://aip.scitation.org/doi/abs/10.1063/1.5049475,2019-01-16 16:44:49,success
测试02,https://aip.scitation.org/doi/abs/10.1063/1.5053859,2019-01-16 16:44:50,success
测试02,https://aip.scitation.org/doi/abs/10.1063/1.5040854,2019-01-16 16:44:51,success
测试02,https://aip.scitation.org/doi/abs/10.1063/1.5027718,2019-01-16 16:44:53,success
测试02,https://aip.scitation.org/doi/abs/10.1063/1.5048115,2019-01-16 16:44:56,success
测试02,https://aip.scitation.org/doi/abs/10.1063/1.5054795,2019-01-16 16:44:57,success
测试02,https://aip.scitation.org/doi/abs/10.1063/1.5040757,2019-01-16 16:44:58,success
测试02,https://aip.scitation.org/doi/abs/10.1063/1.5062598,2019-01-16 16:45:01,success
测试02,https://aip.scitation.org/doi/abs/10.1063/1.5063335,2019-01-16 16:45:02,success
测试02,https://aip.scitation.org/doi/abs/10.1063/1.5077075,2019-01-16 16:45:03,success
测试02,https://aip.scitation.org/doi/abs/10.1063/1.168748,2019-01-16 16:45:05,success
测试02,https://aip.scitation.org/doi/abs/10.1063/1.5048199,2019-01-16 16:45:06,success
测试02,https://aip.scitation.org/doi/10.1063/1.168747,2019-01-16 16:45:07,success
测试02,https://aip.scitation.org/doi/10.1063/1.168746,2019-01-16 16:45:13,success
测试02,https://aip.scitation.org/doi/10.1063/1.168742,2019-01-16 16:45:14,success
测试02,https://aip.scitation.org/doi/10.1063/1.168743,2019-01-16 16:45:14,success
测试02,https://aip.scitation.org/doi/10.1063/1.168745,2019-01-16 16:45:14,success
测试02,https://aip.scitation.org/doi/10.1063/1.168744,2019-01-16 16:45:15,success
测试02,https://aip.scitation.org/doi/10.1063/1.168739,2019-01-16 16:45:17,success
测试02,https://aip.scitation.org/doi/10.1063/1.168740,2019-01-16 16:45:17,success
测试02,https://aip.scitation.org/doi/10.1063/1.168741,2019-01-16 16:45:18,success
测试02,https://aip.scitation.org/doi/10.1109/MCISE.2004.1267603,2019-01-16 16:45:19,success
测试02,https://aip.scitation.org/doi/10.1109/MCSE.2007.55,2019-01-16 16:45:20,success
测试02,https://aip.scitation.org/doi/10.1109/MCSE.2018.05329817,2019-01-16 16:45:21,success
测试02,https://aip.scitation.org/doi/10.1109/MCSE.2018.05329814,2019-01-16 16:45:23,success
测试02,https://aip.scitation.org/doi/10.1109/MCSE.2018.05329812,2019-01-16 16:45:25,success
测试02,https://aip.scitation.org/doi/10.1109/MCSE.2018.05329813,2019-01-16 16:45:26,success
测试02,https://aip.scitation.org/doi/10.1109/MCSE.2018.05329811,2019-01-16 16:45:28,success
测试02,https://aip.scitation.org/doi/10.1109/MCSE.2018.05329810,2019-01-16 16:45:28,success
测试02,https://aip.scitation.org/doi/abs/10.1063/1.168747,2019-01-16 16:45:30,success
测试02,https://aip.scitation.org/doi/abs/10.1063/1.168746,2019-01-16 16:45:32,success
测试02,https://aip.scitation.org/doi/10.1109/MCSE.2018.05329809,2019-01-16 16:45:32,success
测试02,https://aip.scitation.org/doi/10.1109/MCSE.2017.3301549,2019-01-16 16:45:34,success
测试02,https://aip.scitation.org/doi/10.1063/1.5055228,2019-01-16 16:45:36,success
测试02,https://aip.scitation.org/doi/abs/10.1063/1.168744,2019-01-16 16:45:36,success
测试02,https://aip.scitation.org/doi/abs/10.1063/1.168745,2019-01-16 16:45:38,success
测试02,https://aip.scitation.org/doi/abs/10.1063/1.168743,2019-01-16 16:45:38,success
测试02,https://aip.scitation.org/doi/abs/10.1063/1.168741,2019-01-16 16:45:40,success
测试02,https://aip.scitation.org/doi/abs/10.1109/MCISE.2004.1267603,2019-01-16 16:45:41,success
测试02,https://aip.scitation.org/doi/abs/10.1109/MCSE.2007.55,2019-01-16 16:45:43,success
测试02,https://aip.scitation.org/doi/abs/10.1109/MCSE.2018.05329817,2019-01-16 16:45:44,success
测试02,https://aip.scitation.org/doi/abs/10.1109/MCSE.2018.05329814,2019-01-16 16:45:45,success
测试02,https://aip.scitation.org/doi/abs/10.1109/MCSE.2018.05329812,2019-01-16 16:45:47,success
测试02,https://aip.scitation.org/doi/abs/10.1109/MCSE.2018.05329813,2019-01-16 16:45:48,success
测试02,https://aip.scitation.org/doi/abs/10.1109/MCSE.2018.05329811,2019-01-16 16:45:50,success
测试02,https://aip.scitation.org/doi/abs/10.1109/MCSE.2018.05329810,2019-01-16 16:45:50,success
测试02,https://aip.scitation.org/doi/abs/10.1063/1.168740,2019-01-16 16:45:52,success
测试02,https://aip.scitation.org/doi/abs/10.1063/1.168739,2019-01-16 16:45:53,success
测试02,https://aip.scitation.org/doi/abs/10.1109/MCSE.2018.05329809,2019-01-16 16:45:54,success
测试02,https://aip.scitation.org/doi/abs/10.1109/MCSE.2017.3301549,2019-01-16 16:45:55,success
测试02,https://aip.scitation.org/doi/abs/10.1063/1.168742,2019-01-16 16:45:56,success
测试02,https://aip.scitation.org/doi/abs/10.1063/1.5055228,2019-01-16 16:45:58,success
测试02,https://aip.scitation.org/doi/10.1063/1.5051483,2019-01-16 16:46:00,success
测试02,https://aip.scitation.org/doi/10.1063/1.5044256,2019-01-16 16:46:02,success
测试02,https://aip.scitation.org/doi/10.1063/1.5042419,2019-01-16 16:46:02,success
测试02,https://aip.scitation.org/doi/10.1063/1.5053082,2019-01-16 16:46:05,success
测试02,https://aip.scitation.org/doi/10.1063/1.5064602,2019-01-16 16:46:05,success
测试02,https://aip.scitation.org/doi/10.1063/1.5048972,2019-01-16 16:46:06,success
测试02,https://aip.scitation.org/doi/10.1063/1.5081833,2019-01-16 16:46:08,success
测试02,https://aip.scitation.org/doi/10.1063/1.5057713,2019-01-16 16:46:09,success
测试02,https://aip.scitation.org/doi/10.1063/1.5080264,2019-01-16 16:46:12,success
测试02,https://aip.scitation.org/doi/10.1063/1.5053705,2019-01-16 16:46:14,success
测试02,https://aip.scitation.org/doi/10.1063/1.5079534,2019-01-16 16:46:15,success
测试02,https://aip.scitation.org/doi/10.1063/1.5081766,2019-01-16 16:46:16,success
测试02,https://aip.scitation.org/doi/10.1063/1.5063860,2019-01-16 16:46:18,success
测试02,https://aip.scitation.org/doi/10.1063/1.5070066,2019-01-16 16:46:19,success
测试02,https://aip.scitation.org/doi/10.1063/1.5050700,2019-01-16 16:46:21,success
测试02,https://aip.scitation.org/doi/10.1063/1.5052317,2019-01-16 16:46:22,success
测试02,https://aip.scitation.org/doi/10.1063/1.5052219,2019-01-16 16:46:22,success
测试02,https://aip.scitation.org/doi/abs/10.1063/1.5051483,2019-01-16 16:46:23,success
测试02,https://aip.scitation.org/doi/abs/10.1063/1.5042419,2019-01-16 16:46:25,success
测试02,https://aip.scitation.org/doi/10.1063/1.5078385,2019-01-16 16:46:26,success
测试02,https://aip.scitation.org/doi/abs/10.1063/1.5044256,2019-01-16 16:46:27,success
测试02,https://aip.scitation.org/doi/10.1063/1.5072754,2019-01-16 16:46:28,success
测试02,https://aip.scitation.org/doi/abs/10.1063/1.5048972,2019-01-16 16:46:29,success
测试02,https://aip.scitation.org/doi/abs/10.1063/1.5081833,2019-01-16 16:46:30,success
测试02,https://aip.scitation.org/doi/abs/10.1063/1.5064602,2019-01-16 16:46:31,success
测试02,https://aip.scitation.org/doi/abs/10.1063/1.5080264,2019-01-16 16:46:32,success
测试02,https://aip.scitation.org/doi/abs/10.1063/1.5053705,2019-01-16 16:46:34,success
测试02,https://aip.scitation.org/doi/abs/10.1063/1.5079534,2019-01-16 16:46:35,success
测试02,https://aip.scitation.org/doi/abs/10.1063/1.5081766,2019-01-16 16:46:37,success
测试02,https://aip.scitation.org/doi/abs/10.1063/1.5057713,2019-01-16 16:46:38,success
测试02,https://aip.scitation.org/doi/abs/10.1063/1.5070066,2019-01-16 16:46:39,success
测试02,https://aip.scitation.org/doi/abs/10.1063/1.5050700,2019-01-16 16:46:40,success
测试02,https://aip.scitation.org/doi/abs/10.1063/1.5052317,2019-01-16 16:46:42,success
测试02,https://aip.scitation.org/doi/abs/10.1063/1.5052219,2019-01-16 16:46:43,success
测试02,https://aip.scitation.org/doi/abs/10.1063/1.5063860,2019-01-16 16:46:45,success
测试02,https://aip.scitation.org/doi/abs/10.1063/1.5053082,2019-01-16 16:46:47,success
测试02,https://aip.scitation.org/doi/10.1063/1.5050329,2019-01-16 16:46:48,success
测试02,https://aip.scitation.org/doi/abs/10.1063/1.5078385,2019-01-16 16:46:49,success
测试02,https://aip.scitation.org/doi/abs/10.1063/1.5072754,2019-01-16 16:46:51,success
测试02,https://aip.scitation.org/doi/10.1063/1.3382344,2019-01-16 16:46:52,success
测试02,https://aip.scitation.org/doi/10.1063/1.5045484,2019-01-16 16:46:54,success
测试02,https://aip.scitation.org/doi/10.1063/1.5051982,2019-01-16 16:46:54,success
测试02,https://aip.scitation.org/doi/10.1063/1.5063470,2019-01-16 16:46:57,success
测试02,https://aip.scitation.org/doi/10.1063/1.5079441,2019-01-16 16:46:58,success
测试02,https://aip.scitation.org/doi/10.1063/1.5078541,2019-01-16 16:46:59,success
测试02,https://aip.scitation.org/doi/10.1063/1.5066266,2019-01-16 16:47:01,success
测试02,https://aip.scitation.org/doi/10.1063/1.5052482,2019-01-16 16:47:03,success
测试02,https://aip.scitation.org/doi/10.1063/1.5065387,2019-01-16 16:47:04,success
测试02,https://aip.scitation.org/doi/10.1063/1.5059357,2019-01-16 16:47:05,success
测试02,https://aip.scitation.org/doi/10.1063/1.5063536,2019-01-16 16:47:06,success
测试02,https://aip.scitation.org/doi/10.1063/1.5028537,2019-01-16 16:47:08,success
测试02,https://aip.scitation.org/doi/10.1063/1.5019677,2019-01-16 16:47:10,success
测试02,https://aip.scitation.org/doi/10.1063/1.5004405,2019-01-16 16:47:12,success
测试02,https://aip.scitation.org/doi/abs/10.1063/1.5050329,2019-01-16 16:47:12,success
测试02,https://aip.scitation.org/doi/10.1063/1.5007824,2019-01-16 16:47:15,success
测试02,https://aip.scitation.org/doi/abs/10.1063/1.3382344,2019-01-16 16:47:15,success
测试02,https://aip.scitation.org/doi/10.1063/1.5043472,2019-01-16 16:47:15,success
测试02,https://aip.scitation.org/doi/10.1063/1.5085885,2019-01-16 16:47:17,success
测试02,https://aip.scitation.org/doi/abs/10.1063/1.5051982,2019-01-16 16:47:18,success
测试02,https://aip.scitation.org/doi/abs/10.1063/1.5063470,2019-01-16 16:47:19,success
测试02,https://aip.scitation.org/doi/abs/10.1063/1.5079441,2019-01-16 16:47:20,success
测试02,https://aip.scitation.org/doi/abs/10.1063/1.5078541,2019-01-16 16:47:21,success
测试02,https://aip.scitation.org/doi/abs/10.1063/1.5066266,2019-01-16 16:47:22,success
测试02,https://aip.scitation.org/doi/abs/10.1063/1.5052482,2019-01-16 16:47:23,success
测试02,https://aip.scitation.org/doi/abs/10.1063/1.5065387,2019-01-16 16:47:25,success
测试02,https://aip.scitation.org/doi/abs/10.1063/1.5059357,2019-01-16 16:47:26,success
测试02,https://aip.scitation.org/doi/abs/10.1063/1.5063536,2019-01-16 16:47:27,success
测试02,https://aip.scitation.org/doi/abs/10.1063/1.5028537,2019-01-16 16:47:29,success
测试02,https://aip.scitation.org/doi/abs/10.1063/1.5019677,2019-01-16 16:47:30,success
测试02,https://aip.scitation.org/doi/10.1063/1.5022121,2019-01-16 16:47:31,success
测试02,https://aip.scitation.org/doi/abs/10.1063/1.5004405,2019-01-16 16:47:32,success
测试02,https://aip.scitation.org/doi/abs/10.1063/1.5007824,2019-01-16 16:47:34,success
测试02,https://aip.scitation.org/doi/10.1063/1.5055773,2019-01-16 16:47:34,success
测试02,https://aip.scitation.org/doi/abs/10.1063/1.5043472,2019-01-16 16:47:36,success
测试02,https://aip.scitation.org/doi/10.1063/1.5043363,2019-01-16 16:47:38,success
测试02,https://aip.scitation.org/doi/abs/10.1063/1.5085885,2019-01-16 16:47:39,success
测试02,https://aip.scitation.org/doi/10.1063/1.5054167,2019-01-16 16:47:40,success
测试02,https://aip.scitation.org/doi/10.1063/1.5021354,2019-01-16 16:47:41,success
测试02,https://aip.scitation.org/doi/10.1063/1.5021305,2019-01-16 16:47:42,success
测试02,https://aip.scitation.org/doi/10.1063/1.4998635,2019-01-16 16:47:43,success
测试02,https://aip.scitation.org/doi/10.1063/1.5048017,2019-01-16 16:47:44,success
测试02,https://aip.scitation.org/doi/10.1063/1.5033340,2019-01-16 16:47:45,success
测试02,https://aip.scitation.org/doi/10.1063/1.5040798,2019-01-16 16:47:47,success
测试02,https://aip.scitation.org/doi/10.1063/1.5029313,2019-01-16 16:47:48,success
测试02,https://aip.scitation.org/doi/10.1063/1.5027578,2019-01-16 16:47:50,success
测试02,https://aip.scitation.org/doi/abs/10.1063/1.5022121,2019-01-16 16:47:51,success
测试02,https://aip.scitation.org/doi/10.1063/1.5065366,2019-01-16 16:47:51,success
测试02,https://aip.scitation.org/doi/10.1063/1.5043292,2019-01-16 16:47:53,success
测试02,https://aip.scitation.org/doi/10.1063/1.4994054,2019-01-16 16:47:55,success
测试02,https://aip.scitation.org/doi/abs/10.1063/1.5055773,2019-01-16 16:47:55,success
测试02,https://aip.scitation.org/doi/10.1063/1.5045246,2019-01-16 16:47:58,success
测试02,https://aip.scitation.org/doi/abs/10.1063/1.5043363,2019-01-16 16:47:58,success
测试02,https://aip.scitation.org/doi/10.1063/1.5054075,2019-01-16 16:48:00,success
测试02,https://aip.scitation.org/doi/abs/10.1063/1.5054167,2019-01-16 16:48:01,success
测试02,https://aip.scitation.org/doi/10.1063/1.5007780,2019-01-16 16:48:02,success
测试02,https://aip.scitation.org/doi/abs/10.1063/1.5021305,2019-01-16 16:48:04,success
测试02,https://aip.scitation.org/doi/abs/10.1063/1.4998635,2019-01-16 16:48:08,success
测试02,https://aip.scitation.org/doi/abs/10.1063/1.5048017,2019-01-16 16:48:09,success
测试02,https://aip.scitation.org/doi/abs/10.1063/1.5033340,2019-01-16 16:48:10,success
测试02,https://aip.scitation.org/doi/abs/10.1063/1.5040798,2019-01-16 16:48:11,success
测试02,https://aip.scitation.org/doi/abs/10.1063/1.5029313,2019-01-16 16:48:14,success
测试02,https://aip.scitation.org/doi/abs/10.1063/1.5027578,2019-01-16 16:48:15,success
测试02,https://aip.scitation.org/doi/abs/10.1063/1.5021354,2019-01-16 16:48:17,success
测试02,https://aip.scitation.org/doi/abs/10.1063/1.5065366,2019-01-16 16:48:18,success
测试02,https://aip.scitation.org/doi/abs/10.1063/1.5043292,2019-01-16 16:48:20,success
测试02,https://aip.scitation.org/doi/10.1063/1.5040166,2019-01-16 16:48:21,success
测试02,https://aip.scitation.org/doi/abs/10.1063/1.4994054,2019-01-16 16:48:22,success
测试02,https://aip.scitation.org/doi/abs/10.1063/1.5045246,2019-01-16 16:48:23,success
测试02,https://aip.scitation.org/doi/10.1063/1.5038077,2019-01-16 16:48:25,success
测试02,https://aip.scitation.org/doi/abs/10.1063/1.5054075,2019-01-16 16:48:26,success
测试02,https://aip.scitation.org/doi/10.1063/1.5027232,2019-01-16 16:48:27,success
测试02,https://aip.scitation.org/doi/abs/10.1063/1.5007780,2019-01-16 16:48:28,success
测试02,https://aip.scitation.org/doi/10.1063/1.5032146,2019-01-16 16:48:30,success
测试02,https://aip.scitation.org/doi/10.1063/1.5048384,2019-01-16 16:48:31,success
测试02,https://aip.scitation.org/doi/10.1063/1.5039920,2019-01-16 16:48:32,success
测试02,https://aip.scitation.org/doi/10.1063/1.5042688,2019-01-16 16:48:34,success
测试02,https://aip.scitation.org/doi/10.1063/1.5057413,2019-01-16 16:48:36,success
测试02,https://aip.scitation.org/doi/10.1063/1.2204959,2019-01-16 16:48:36,success
测试02,https://aip.scitation.org/doi/10.1063/1.4954402,2019-01-16 16:48:38,success
测试02,https://aip.scitation.org/doi/10.1063/1.3380845,2019-01-16 16:48:39,success
测试02,https://aip.scitation.org/doi/10.1063/1.555805,2019-01-16 16:48:40,success
测试02,https://aip.scitation.org/doi/10.1063/1.4982827,2019-01-16 16:48:42,success
测试02,https://aip.scitation.org/doi/abs/10.1063/1.5040166,2019-01-16 16:48:43,success
测试02,https://aip.scitation.org/doi/10.1063/1.4983656,2019-01-16 16:48:46,success
测试02,https://aip.scitation.org/doi/10.1063/1.4983120,2019-01-16 16:48:47,success
测试02,https://aip.scitation.org/doi/abs/10.1063/1.5038077,2019-01-16 16:48:48,success
测试02,https://aip.scitation.org/doi/abs/10.1063/1.5027232,2019-01-16 16:48:51,success
测试02,https://aip.scitation.org/doi/10.1063/1.5020802,2019-01-16 16:48:52,success
测试02,https://aip.scitation.org/doi/10.1063/1.5016677,2019-01-16 16:48:54,success
测试02,https://aip.scitation.org/doi/abs/10.1063/1.5032146,2019-01-16 16:48:55,success
测试02,https://aip.scitation.org/doi/abs/10.1063/1.5039920,2019-01-16 16:48:57,success
测试02,https://aip.scitation.org/doi/abs/10.1063/1.5042688,2019-01-16 16:48:58,success
测试02,https://aip.scitation.org/doi/abs/10.1063/1.5057413,2019-01-16 16:49:01,success
测试02,https://aip.scitation.org/doi/abs/10.1063/1.2204959,2019-01-16 16:49:01,success
测试02,https://aip.scitation.org/doi/10.1063/1.4970519,2019-01-16 16:49:02,success
测试02,https://aip.scitation.org/doi/abs/10.1063/1.4954402,2019-01-16 16:49:03,success
测试02,https://aip.scitation.org/doi/abs/10.1063/1.3380845,2019-01-16 16:49:03,success
测试02,https://aip.scitation.org/doi/abs/10.1063/1.555805,2019-01-16 16:49:05,success
测试02,https://aip.scitation.org/doi/abs/10.1063/1.4982827,2019-01-16 16:49:06,success
测试02,https://aip.scitation.org/doi/10.1063/1.5031951,2019-01-16 16:49:09,success
测试02,https://aip.scitation.org/doi/abs/10.1063/1.4983656,2019-01-16 16:49:10,success
测试02,https://aip.scitation.org/doi/abs/10.1063/1.4983120,2019-01-16 16:49:11,success
测试02,https://aip.scitation.org/doi/10.1063/1.5047139,2019-01-16 16:49:12,success
测试02,https://aip.scitation.org/doi/10.1063/1.5036625,2019-01-16 16:49:13,success
测试02,https://aip.scitation.org/doi/abs/10.1063/1.5020802,2019-01-16 16:49:14,success
测试02,https://aip.scitation.org/doi/abs/10.1063/1.5016677,2019-01-16 16:49:15,success
测试02,https://aip.scitation.org/doi/10.1063/1.5053993,2019-01-16 16:49:17,success
测试02,https://aip.scitation.org/doi/10.1063/1.5078519,2019-01-16 16:49:19,success
测试02,https://aip.scitation.org/doi/10.1063/1.5078520,2019-01-16 16:49:19,success
测试02,https://aip.scitation.org/doi/10.1063/1.5077096,2019-01-16 16:49:21,success
测试02,https://aip.scitation.org/doi/10.1063/1.4862467,2019-01-16 16:49:22,success
测试02,https://aip.scitation.org/doi/10.1063/1.5078627,2019-01-16 16:49:23,success
测试02,https://aip.scitation.org/doi/10.1063/1.5077095,2019-01-16 16:49:26,success
测试02,https://aip.scitation.org/doi/abs/10.1063/1.4970519,2019-01-16 16:49:27,success
测试02,https://aip.scitation.org/doi/10.1063/1.4821758,2019-01-16 16:49:29,success
测试02,https://aip.scitation.org/doi/10.1063/1.4821753,2019-01-16 16:49:31,success
测试02,https://aip.scitation.org/doi/abs/10.1063/1.5031951,2019-01-16 16:49:33,success
测试02,https://aip.scitation.org/doi/10.1063/1.4821078,2019-01-16 16:49:34,success
测试02,https://aip.scitation.org/doi/10.1063/1.4821077,2019-01-16 16:49:35,success
测试02,https://aip.scitation.org/doi/10.1063/1.5037549,2019-01-16 16:49:36,success
测试02,https://aip.scitation.org/doi/abs/10.1063/1.5036625,2019-01-16 16:49:37,success
测试02,https://aip.scitation.org/doi/abs/10.1063/1.5047139,2019-01-16 16:49:39,success
测试02,https://aip.scitation.org/doi/10.1063/1.5049170,2019-01-16 16:49:40,success
测试02,https://aip.scitation.org/doi/abs/10.1063/1.5053993,2019-01-16 16:49:41,success
测试02,https://aip.scitation.org/doi/10.1063/1.5052686,2019-01-16 16:49:42,success
测试02,https://aip.scitation.org/doi/abs/10.1063/1.5078519,2019-01-16 16:49:44,success
测试02,https://aip.scitation.org/doi/abs/10.1063/1.5077096,2019-01-16 16:49:45,success
测试02,https://aip.scitation.org/doi/abs/10.1063/1.4862467,2019-01-16 16:49:46,success
测试02,https://aip.scitation.org/doi/abs/10.1063/1.5078627,2019-01-16 16:49:47,success
测试02,https://aip.scitation.org/doi/abs/10.1063/1.5077095,2019-01-16 16:49:49,success
测试02,https://aip.scitation.org/doi/abs/10.1063/1.5078520,2019-01-16 16:49:50,success
测试02,https://aip.scitation.org/doi/abs/10.1063/1.4821758,2019-01-16 16:49:53,success
测试02,https://aip.scitation.org/doi/abs/10.1063/1.4821753,2019-01-16 16:49:53,success
测试02,https://aip.scitation.org/doi/abs/10.1063/1.4821078,2019-01-16 16:49:55,success
测试02,https://aip.scitation.org/doi/10.1063/1.5055844,2019-01-16 16:49:56,success
测试02,https://aip.scitation.org/doi/abs/10.1063/1.4821077,2019-01-16 16:49:58,success
测试02,https://aip.scitation.org/doi/abs/10.1063/1.5037549,2019-01-16 16:50:00,success
测试02,https://aip.scitation.org/doi/10.1063/1.5060964,2019-01-16 16:50:02,success
测试02,https://aip.scitation.org/doi/abs/10.1063/1.5049170,2019-01-16 16:50:03,success
测试02,https://aip.scitation.org/doi/abs/10.1063/1.5052686,2019-01-16 16:50:07,success
测试02,https://aip.scitation.org/doi/10.1063/1.5075487,2019-01-16 16:50:07,success
测试02,https://aip.scitation.org/doi/10.1063/1.5085674,2019-01-16 16:50:08,success
测试02,https://aip.scitation.org/doi/10.1063/1.5006918,2019-01-16 16:50:10,success
测试02,https://aip.scitation.org/doi/10.1063/1.5007759,2019-01-16 16:50:13,success
测试02,https://aip.scitation.org/doi/10.1063/1.5007685,2019-01-16 16:50:13,success
测试02,https://aip.scitation.org/doi/10.1063/1.4858400,2019-01-16 16:50:15,success
测试02,https://aip.scitation.org/doi/10.1063/1.5007695,2019-01-16 16:50:16,success
测试02,https://aip.scitation.org/doi/10.1063/1.5005040,2019-01-16 16:50:17,success
测试02,https://aip.scitation.org/doi/10.1063/1.5007707,2019-01-16 16:50:17,success
测试02,https://aip.scitation.org/doi/10.1063/1.5007163,2019-01-16 16:50:19,success
测试02,https://aip.scitation.org/doi/10.1063/1.5037344,2019-01-16 16:50:20,success
测试02,https://aip.scitation.org/doi/abs/10.1063/1.5055844,2019-01-16 16:50:21,success
测试02,https://aip.scitation.org/doi/10.1063/1.5054581,2019-01-16 16:50:27,success
测试02,https://aip.scitation.org/doi/10.1063/1.5054596,2019-01-16 16:50:28,success
测试02,https://aip.scitation.org/doi/abs/10.1063/1.5060964,2019-01-16 16:50:28,success
测试02,https://aip.scitation.org/doi/10.1063/1.5061715,2019-01-16 16:50:29,success
测试02,https://aip.scitation.org/doi/abs/10.1063/1.5075487,2019-01-16 16:50:31,success
测试02,https://aip.scitation.org/doi/abs/10.1063/1.5085674,2019-01-16 16:50:31,success
测试02,https://aip.scitation.org/doi/abs/10.1063/1.5006918,2019-01-16 16:50:32,success
测试02,https://aip.scitation.org/doi/10.1063/1.5064516,2019-01-16 16:50:33,success
测试02,https://aip.scitation.org/doi/abs/10.1063/1.5007685,2019-01-16 16:50:35,success
测试02,https://aip.scitation.org/doi/10.1063/1.5054039,2019-01-16 16:50:35,success
测试02,https://aip.scitation.org/doi/abs/10.1063/1.5007759,2019-01-16 16:50:37,success
测试02,https://aip.scitation.org/doi/abs/10.1063/1.5007695,2019-01-16 16:50:38,success
测试02,https://aip.scitation.org/doi/abs/10.1063/1.4858400,2019-01-16 16:50:40,success
测试02,https://aip.scitation.org/doi/abs/10.1063/1.5007707,2019-01-16 16:50:42,success
测试02,https://aip.scitation.org/doi/abs/10.1063/1.5005040,2019-01-16 16:50:42,success
测试02,https://aip.scitation.org/doi/abs/10.1063/1.5037344,2019-01-16 16:50:43,success
测试02,https://aip.scitation.org/doi/abs/10.1063/1.5007163,2019-01-16 16:50:45,success
测试02,https://aip.scitation.org/doi/10.1063/1.5067270,2019-01-16 16:50:49,success
测试02,https://aip.scitation.org/doi/10.1063/1.5068697,2019-01-16 16:50:50,success
测试02,https://aip.scitation.org/doi/abs/10.1063/1.5054596,2019-01-16 16:50:51,success
测试02,https://aip.scitation.org/doi/abs/10.1063/1.5054581,2019-01-16 16:50:52,success
测试02,https://aip.scitation.org/doi/abs/10.1063/1.5061715,2019-01-16 16:50:52,success
测试02,https://aip.scitation.org/doi/10.1063/1.5059558,2019-01-16 16:50:55,success
测试02,https://aip.scitation.org/doi/abs/10.1063/1.5064516,2019-01-16 16:50:55,success
测试02,https://aip.scitation.org/doi/10.1063/1.5056765,2019-01-16 16:50:56,success
测试02,https://aip.scitation.org/doi/10.1063/1.5063700,2019-01-16 16:50:58,success
测试02,https://aip.scitation.org/doi/abs/10.1063/1.5054039,2019-01-16 16:50:59,success
测试02,https://aip.scitation.org/doi/10.1063/1.5059388,2019-01-16 16:51:00,success
测试02,https://aip.scitation.org/doi/10.1063/1.5064640,2019-01-16 16:51:04,success
测试02,https://aip.scitation.org/doi/10.1063/1.5050980,2019-01-16 16:51:04,success
测试02,https://aip.scitation.org/doi/10.1063/1.5043072,2019-01-16 16:51:05,success
测试02,https://aip.scitation.org/doi/10.1063/1.5041484,2019-01-16 16:51:06,success
测试02,https://aip.scitation.org/doi/10.1063/1.5031466,2019-01-16 16:51:09,success
测试02,https://aip.scitation.org/doi/10.1063/1.5063543,2019-01-16 16:51:09,success
测试02,https://aip.scitation.org/doi/10.1063/1.5030416,2019-01-16 16:51:09,success
测试02,https://aip.scitation.org/doi/10.1063/1.4977921,2019-01-16 16:51:11,success
测试02,https://aip.scitation.org/doi/abs/10.1063/1.5067270,2019-01-16 16:51:12,success
测试02,https://aip.scitation.org/doi/abs/10.1063/1.5068697,2019-01-16 16:51:13,success
测试02,https://aip.scitation.org/doi/10.1063/1.5064863,2019-01-16 16:51:14,success
测试02,https://aip.scitation.org/doi/10.1063/1.5079682,2019-01-16 16:51:15,success
测试02,https://aip.scitation.org/doi/abs/10.1063/1.5059558,2019-01-16 16:51:16,success
测试02,https://aip.scitation.org/doi/abs/10.1063/1.5056765,2019-01-16 16:51:18,success
测试02,https://aip.scitation.org/doi/abs/10.1063/1.5063700,2019-01-16 16:51:19,success
测试02,https://aip.scitation.org/doi/10.1063/1.5060958,2019-01-16 16:51:21,success
测试02,https://aip.scitation.org/doi/abs/10.1063/1.5059388,2019-01-16 16:51:22,success
测试02,https://aip.scitation.org/doi/abs/10.1063/1.5064640,2019-01-16 16:51:22,success
测试02,https://aip.scitation.org/doi/abs/10.1063/1.5050980,2019-01-16 16:51:23,success
测试02,https://aip.scitation.org/doi/abs/10.1063/1.5043072,2019-01-16 16:51:24,success
测试02,https://aip.scitation.org/doi/abs/10.1063/1.5041484,2019-01-16 16:51:27,success
测试02,https://aip.scitation.org/doi/abs/10.1063/1.5031466,2019-01-16 16:51:28,success
测试02,https://aip.scitation.org/doi/10.1063/1.5049209,2019-01-16 16:51:30,success
测试02,https://aip.scitation.org/doi/abs/10.1063/1.5030416,2019-01-16 16:51:30,success
测试02,https://aip.scitation.org/doi/abs/10.1063/1.4977921,2019-01-16 16:51:31,success
测试02,https://aip.scitation.org/doi/abs/10.1063/1.5063543,2019-01-16 16:51:33,success
测试02,https://aip.scitation.org/doi/abs/10.1063/1.5079682,2019-01-16 16:51:37,success
测试02,https://aip.scitation.org/doi/abs/10.1063/1.5064863,2019-01-16 16:51:38,success
测试02,https://aip.scitation.org/doi/10.1063/1.5066435,2019-01-16 16:51:38,success
测试02,https://aip.scitation.org/doi/10.1063/1.5066109,2019-01-16 16:51:38,success
测试02,https://aip.scitation.org/doi/10.1063/1.5049580,2019-01-16 16:51:40,success
测试02,https://aip.scitation.org/doi/10.1063/1.5064647,2019-01-16 16:51:42,success
测试02,https://aip.scitation.org/doi/10.1063/1.5049543,2019-01-16 16:51:43,success
测试02,https://aip.scitation.org/doi/abs/10.1063/1.5060958,2019-01-16 16:51:44,success
测试02,https://aip.scitation.org/doi/10.1063/1.5063564,2019-01-16 16:51:46,success
测试02,https://aip.scitation.org/doi/10.1063/1.5041902,2019-01-16 16:51:48,success
测试02,https://aip.scitation.org/doi/10.1063/1.5062853,2019-01-16 16:51:49,success
测试02,https://aip.scitation.org/doi/10.1063/1.5041031,2019-01-16 16:51:50,success
测试02,https://aip.scitation.org/doi/10.1063/1.5037578,2019-01-16 16:51:51,success
测试02,https://aip.scitation.org/doi/abs/10.1063/1.5049209,2019-01-16 16:51:53,success
测试02,https://aip.scitation.org/doi/10.1063/1.5034135,2019-01-16 16:51:53,success
测试02,https://aip.scitation.org/doi/10.1063/1.2432410,2019-01-16 16:51:56,success
测试02,https://aip.scitation.org/doi/10.1063/1.4948314,2019-01-16 16:51:59,success
测试02,https://aip.scitation.org/doi/10.1063/1.4994619,2019-01-16 16:51:59,success
测试02,https://aip.scitation.org/doi/abs/10.1063/1.5066435,2019-01-16 16:52:02,success
测试02,https://aip.scitation.org/doi/abs/10.1063/1.5066109,2019-01-16 16:52:03,success
测试02,https://aip.scitation.org/doi/abs/10.1063/1.5049580,2019-01-16 16:52:05,success
测试02,https://aip.scitation.org/doi/abs/10.1063/1.5064647,2019-01-16 16:52:05,success
测试02,https://aip.scitation.org/doi/abs/10.1063/1.5049543,2019-01-16 16:52:06,success
测试02,https://aip.scitation.org/doi/10.1063/1.3610677,2019-01-16 16:52:09,success
测试02,https://aip.scitation.org/doi/10.1063/1.4989995,2019-01-16 16:52:10,success
测试02,https://aip.scitation.org/doi/abs/10.1063/1.5041902,2019-01-16 16:52:10,success
测试02,https://aip.scitation.org/doi/abs/10.1063/1.5063564,2019-01-16 16:52:10,success
测试02,https://aip.scitation.org/doi/abs/10.1063/1.5062853,2019-01-16 16:52:11,success
测试02,https://aip.scitation.org/doi/abs/10.1063/1.5041031,2019-01-16 16:52:11,success
测试02,https://aip.scitation.org/doi/abs/10.1063/1.5037578,2019-01-16 16:52:14,success
测试02,https://aip.scitation.org/doi/abs/10.1063/1.5034135,2019-01-16 16:52:15,success
测试02,https://aip.scitation.org/doi/abs/10.1063/1.2432410,2019-01-16 16:52:18,success
测试02,https://aip.scitation.org/doi/abs/10.1063/1.4994619,2019-01-16 16:52:19,success
测试02,https://aip.scitation.org/doi/10.1063/1.5066436,2019-01-16 16:52:20,success
测试02,https://aip.scitation.org/doi/abs/10.1063/1.4948314,2019-01-16 16:52:20,success
测试02,https://aip.scitation.org/doi/10.1063/1.5078447,2019-01-16 16:52:21,success
测试02,https://aip.scitation.org/doi/10.1063/1.5055738,2019-01-16 16:52:23,success
测试02,https://aip.scitation.org/doi/10.1063/1.5055949,2019-01-16 16:52:25,success
测试02,https://aip.scitation.org/doi/10.1063/1.5078572,2019-01-16 16:52:26,success
测试02,https://aip.scitation.org/doi/10.1063/1.5044526,2019-01-16 16:52:27,success
测试02,https://aip.scitation.org/doi/10.1063/1.5063715,2019-01-16 16:52:29,success
测试02,https://aip.scitation.org/doi/abs/10.1063/1.4989995,2019-01-16 16:52:31,success
测试02,https://aip.scitation.org/doi/10.1063/1.5045325,2019-01-16 16:52:31,success
测试02,https://aip.scitation.org/doi/abs/10.1063/1.3610677,2019-01-16 16:52:32,success
测试02,https://aip.scitation.org/doi/10.1063/1.5052042,2019-01-16 16:52:34,success
测试02,https://aip.scitation.org/doi/10.1063/1.5063367,2019-01-16 16:52:34,success
测试02,https://aip.scitation.org/doi/10.1063/1.5085682,2019-01-16 16:52:35,success
测试02,https://aip.scitation.org/doi/10.1063/1.5086076,2019-01-16 16:52:36,success
测试02,https://aip.scitation.org/doi/10.1063/1.5085399,2019-01-16 16:52:38,success
测试02,https://aip.scitation.org/doi/10.1063/1.5086075,2019-01-16 16:52:40,success
测试02,https://aip.scitation.org/doi/abs/10.1063/1.5066436,2019-01-16 16:52:42,success
测试02,https://aip.scitation.org/doi/10.1063/1.5086520,2019-01-16 16:52:42,success
测试02,https://aip.scitation.org/doi/abs/10.1063/1.5078447,2019-01-16 16:52:43,success
测试02,https://aip.scitation.org/doi/abs/10.1063/1.5055738,2019-01-16 16:52:45,success
测试02,https://aip.scitation.org/doi/abs/10.1063/1.5055949,2019-01-16 16:52:47,success
测试02,https://aip.scitation.org/doi/abs/10.1063/1.5078572,2019-01-16 16:52:47,success
测试02,https://aip.scitation.org/doi/abs/10.1063/1.5044526,2019-01-16 16:52:49,success
测试02,https://aip.scitation.org/doi/abs/10.1063/1.5063715,2019-01-16 16:52:50,success
测试02,https://aip.scitation.org/doi/10.1063/1.5085732,2019-01-16 16:52:52,success
测试02,https://aip.scitation.org/doi/10.1063/1.5086456,2019-01-16 16:52:57,success
测试02,https://aip.scitation.org/doi/abs/10.1063/1.5052042,2019-01-16 16:52:57,success
测试02,https://aip.scitation.org/doi/abs/10.1063/1.5045325,2019-01-16 16:52:57,success
测试02,https://aip.scitation.org/doi/abs/10.1063/1.5063367,2019-01-16 16:52:58,success
测试02,https://aip.scitation.org/doi/10.1063/1.5086179,2019-01-16 16:53:01,success
测试02,https://aip.scitation.org/doi/10.1063/1.5086252,2019-01-16 16:53:02,success
测试02,https://aip.scitation.org/journal/apl,2019-01-16 16:53:03,success
测试02,https://aip.scitation.org/journal/are,2019-01-16 16:53:04,success
测试02,https://aip.scitation.org/journal/app,2019-01-16 16:53:06,success
测试02,https://aip.scitation.org/journal/apm,2019-01-16 16:53:06,success
测试02,https://aip.scitation.org/journal/apb,2019-01-16 16:53:08,success
测试02,https://aip.scitation.org/journal/apc,2019-01-16 16:53:08,success
测试02,https://aip.scitation.org/journal/adv,2019-01-16 16:53:10,success
测试02,https://aip.scitation.org/doi/10.1063/1.5049856,2019-01-16 16:53:12,success
测试02,https://aip.scitation.org/doi/10.1063/1.5062845,2019-01-16 16:53:13,success
测试02,https://aip.scitation.org/doi/10.1063/1.5052194,2019-01-16 16:53:15,success
测试02,https://aip.scitation.org/doi/10.1063/1.5050382,2019-01-16 16:53:17,success
测试02,https://aip.scitation.org/doi/10.1063/1.5049659,2019-01-16 16:53:19,success
测试02,https://aip.scitation.org/doi/10.1063/1.5079763,2019-01-16 16:53:19,success
测试02,https://aip.scitation.org/doi/10.1063/1.5063735,2019-01-16 16:53:21,success
测试02,https://aip.scitation.org/doi/10.1063/1.5066028,2019-01-16 16:53:21,success
测试02,https://aip.scitation.org/doi/10.1063/1.5053830,2019-01-16 16:53:21,success
测试02,https://aip.scitation.org/doi/10.1063/1.5078555,2019-01-16 16:53:23,success
测试02,https://aip.scitation.org/doi/10.1063/1.5063904,2019-01-16 16:53:24,success
测试02,https://aip.scitation.org/doi/10.1063/1.5054327,2019-01-16 16:53:30,success
测试02,https://aip.scitation.org/doi/10.1063/1.5046559,2019-01-16 16:53:31,success
测试02,https://aip.scitation.org/doi/10.1063/1.4997367,2019-01-16 16:53:31,success
测试02,https://aip.scitation.org/doi/10.1063/1.5022922,2019-01-16 16:53:31,success
测试02,https://aip.scitation.org/doi/10.1063/1.5050245,2019-01-16 16:53:32,success
测试02,https://aip.scitation.org/doi/10.1063/1.5045521,2019-01-16 16:53:34,success
测试02,https://aip.scitation.org/doi/abs/10.1063/1.5049856,2019-01-16 16:53:35,success
测试02,https://aip.scitation.org/doi/abs/10.1063/1.5062845,2019-01-16 16:53:35,success
测试02,https://aip.scitation.org/doi/abs/10.1063/1.5052194,2019-01-16 16:53:37,success
测试02,https://aip.scitation.org/doi/abs/10.1063/1.5050382,2019-01-16 16:53:38,success
测试02,https://aip.scitation.org/doi/abs/10.1063/1.5049659,2019-01-16 16:53:40,success
测试02,https://aip.scitation.org/doi/abs/10.1063/1.5079763,2019-01-16 16:53:42,success
测试02,https://aip.scitation.org/doi/abs/10.1063/1.5063735,2019-01-16 16:53:43,success
测试02,https://aip.scitation.org/doi/10.1063/1.5043611,2019-01-16 16:53:45,success
测试02,https://aip.scitation.org/doi/abs/10.1063/1.5053830,2019-01-16 16:53:46,success
测试02,https://aip.scitation.org/doi/abs/10.1063/1.5078555,2019-01-16 16:53:47,success
测试02,https://aip.scitation.org/doi/abs/10.1063/1.5063904,2019-01-16 16:53:50,success
测试02,https://aip.scitation.org/doi/abs/10.1063/1.5054327,2019-01-16 16:53:52,success
测试02,https://aip.scitation.org/doi/abs/10.1063/1.5066028,2019-01-16 16:53:52,success
测试02,https://aip.scitation.org/doi/abs/10.1063/1.5046559,2019-01-16 16:53:56,success
测试02,https://aip.scitation.org/doi/abs/10.1063/1.5022922,2019-01-16 16:53:56,success
测试02,https://aip.scitation.org/doi/abs/10.1063/1.5050245,2019-01-16 16:53:56,success
测试02,https://aip.scitation.org/doi/abs/10.1063/1.5045521,2019-01-16 16:53:58,success
测试02,https://aip.scitation.org/doi/abs/10.1063/1.4997367,2019-01-16 16:54:01,success
测试02,https://aip.scitation.org/doi/10.1063/1.5043231,2019-01-16 16:54:01,success
测试02,https://aip.scitation.org/doi/10.1063/1.5039936,2019-01-16 16:54:02,success
测试02,https://aip.scitation.org/doi/10.1063/1.4899186,2019-01-16 16:54:05,success
测试02,https://aip.scitation.org/doi/10.1063/1.5037660,2019-01-16 16:54:05,success
测试02,https://aip.scitation.org/doi/10.1063/1.5018795,2019-01-16 16:54:07,success
测试02,https://aip.scitation.org/doi/abs/10.1063/1.5043611,2019-01-16 16:54:08,success
测试02,https://aip.scitation.org/doi/10.1063/1.5018833,2019-01-16 16:54:10,success
测试02,https://aip.scitation.org/doi/10.1063/1.4907043,2019-01-16 16:54:11,success
测试02,https://aip.scitation.org/doi/10.1063/1.5051509,2019-01-16 16:54:13,success
测试02,https://aip.scitation.org/doi/10.1063/1.5055638,2019-01-16 16:54:14,success
测试02,https://aip.scitation.org/doi/10.1063/1.5080696,2019-01-16 16:54:15,success
测试02,https://aip.scitation.org/doi/10.1063/1.5043471,2019-01-16 16:54:17,success
测试02,https://aip.scitation.org/doi/10.1063/1.5082695,2019-01-16 16:54:17,success
测试02,https://aip.scitation.org/doi/10.1063/1.4993957,2019-01-16 16:54:20,success
测试02,https://aip.scitation.org/doi/10.1063/1.5022781,2019-01-16 16:54:20,success
测试02,https://aip.scitation.org/doi/abs/10.1063/1.5043231,2019-01-16 16:54:23,success
测试02,https://aip.scitation.org/doi/10.1063/1.5054382,2019-01-16 16:54:23,success
测试02,https://aip.scitation.org/doi/abs/10.1063/1.5039936,2019-01-16 16:54:26,success
测试02,https://aip.scitation.org/doi/10.1063/1.5058265,2019-01-16 16:54:26,success
测试02,https://aip.scitation.org/doi/10.1063/1.5048360,2019-01-16 16:54:26,success
测试02,https://aip.scitation.org/doi/abs/10.1063/1.5037660,2019-01-16 16:54:27,success
测试02,https://aip.scitation.org/doi/abs/10.1063/1.5018795,2019-01-16 16:54:28,success
测试02,https://aip.scitation.org/doi/abs/10.1063/1.4899186,2019-01-16 16:54:30,success
测试02,https://aip.scitation.org/doi/abs/10.1063/1.5018833,2019-01-16 16:54:32,success
测试02,https://aip.scitation.org/doi/abs/10.1063/1.4907043,2019-01-16 16:54:32,success
测试02,https://aip.scitation.org/doi/abs/10.1063/1.5051509,2019-01-16 16:54:34,success
测试02,https://aip.scitation.org/doi/abs/10.1063/1.5055638,2019-01-16 16:54:35,success
测试02,https://aip.scitation.org/doi/10.1063/1.5005376,2019-01-16 16:54:36,success
测试02,https://aip.scitation.org/doi/abs/10.1063/1.5080696,2019-01-16 16:54:37,success
测试02,https://aip.scitation.org/doi/abs/10.1063/1.5082695,2019-01-16 16:54:39,success
测试02,https://aip.scitation.org/doi/abs/10.1063/1.4993957,2019-01-16 16:54:40,success
测试02,https://aip.scitation.org/doi/abs/10.1063/1.5022781,2019-01-16 16:54:41,success
测试02,https://aip.scitation.org/doi/abs/10.1063/1.5043471,2019-01-16 16:54:42,success
测试02,https://aip.scitation.org/doi/abs/10.1063/1.5054382,2019-01-16 16:54:45,success
测试02,https://aip.scitation.org/doi/10.1063/1.5087663,2019-01-16 16:54:45,success
测试02,https://aip.scitation.org/doi/abs/10.1063/1.5048360,2019-01-16 16:54:47,success
测试02,https://aip.scitation.org/doi/10.1063/1.5087662,2019-01-16 16:54:48,success
测试02,https://aip.scitation.org/doi/abs/10.1063/1.5058265,2019-01-16 16:54:50,success
测试02,https://aip.scitation.org/doi/10.1063/1.5087661,2019-01-16 16:54:50,success
测试02,https://aip.scitation.org/doi/10.1063/1.5087660,2019-01-16 16:54:52,success
测试02,https://aip.scitation.org/doi/10.1063/1.5087659,2019-01-16 16:54:53,success
测试02,https://aip.scitation.org/doi/10.1063/1.5087658,2019-01-16 16:54:54,success
测试02,https://aip.scitation.org/doi/10.1063/1.5087657,2019-01-16 16:54:56,success
测试02,https://aip.scitation.org/doi/10.1063/1.5087656,2019-01-16 16:54:57,success
测试02,https://aip.scitation.org/doi/abs/10.1063/1.5005376,2019-01-16 16:54:58,success
测试02,https://aip.scitation.org/doi/10.1063/1.5038337,2019-01-16 16:55:01,success
测试02,https://aip.scitation.org/doi/10.1063/1.5006599,2019-01-16 16:55:02,success
测试02,https://aip.scitation.org/doi/10.1063/1.5019196,2019-01-16 16:55:02,success
测试02,https://aip.scitation.org/doi/10.1063/1.5042430,2019-01-16 16:55:05,success
测试02,https://aip.scitation.org/doi/10.1063/1.5048625,2019-01-16 16:55:06,success
测试02,https://aip.scitation.org/doi/10.1063/1.5050170,2019-01-16 16:55:07,success
测试02,https://aip.scitation.org/doi/abs/10.1063/1.5087663,2019-01-16 16:55:08,success
测试02,https://aip.scitation.org/doi/abs/10.1063/1.5087662,2019-01-16 16:55:09,success
测试02,https://aip.scitation.org/doi/10.1063/1.5053708,2019-01-16 16:55:10,success
测试02,https://aip.scitation.org/doi/10.1063/1.5052239,2019-01-16 16:55:12,success
测试02,https://aip.scitation.org/doi/abs/10.1063/1.5087661,2019-01-16 16:55:12,success
测试02,https://aip.scitation.org/doi/abs/10.1063/1.5087660,2019-01-16 16:55:13,success
测试02,https://aip.scitation.org/doi/abs/10.1063/1.5087659,2019-01-16 16:55:14,success
测试02,https://aip.scitation.org/doi/abs/10.1063/1.5087658,2019-01-16 16:55:15,success
测试02,https://aip.scitation.org/doi/abs/10.1063/1.5087657,2019-01-16 16:55:17,success
测试02,https://aip.scitation.org/doi/abs/10.1063/1.5087656,2019-01-16 16:55:18,success
测试02,https://aip.scitation.org/doi/10.1063/1.5079867,2019-01-16 16:55:21,success
测试02,https://aip.scitation.org/doi/abs/10.1063/1.5038337,2019-01-16 16:55:21,success
测试02,https://aip.scitation.org/doi/abs/10.1063/1.5006599,2019-01-16 16:55:22,success
测试02,https://aip.scitation.org/doi/abs/10.1063/1.5019196,2019-01-16 16:55:23,success
测试02,https://aip.scitation.org/doi/abs/10.1063/1.5042430,2019-01-16 16:55:24,success
测试02,https://aip.scitation.org/doi/abs/10.1063/1.5048625,2019-01-16 16:55:27,success
测试02,https://aip.scitation.org/doi/10.1063/1.5063807,2019-01-16 16:55:29,success
测试02,https://aip.scitation.org/doi/10.1063/1.4946894,2019-01-16 16:55:31,success
测试02,https://aip.scitation.org/doi/abs/10.1063/1.5053708,2019-01-16 16:55:31,success
测试02,https://aip.scitation.org/doi/abs/10.1063/1.5052239,2019-01-16 16:55:33,success
测试02,https://aip.scitation.org/doi/10.1063/1.5055570,2019-01-16 16:55:35,success
测试02,https://aip.scitation.org/doi/10.1063/1.4812323,2019-01-16 16:55:36,success
测试02,https://aip.scitation.org/doi/10.1063/1.5058166,2019-01-16 16:55:39,success
测试02,https://aip.scitation.org/doi/10.1063/1.5075718,2019-01-16 16:55:39,success
测试02,https://aip.scitation.org/doi/10.1063/1.5067250,2019-01-16 16:55:42,success
测试02,https://aip.scitation.org/doi/10.1063/1.5054355,2019-01-16 16:55:43,success
测试02,https://aip.scitation.org/doi/abs/10.1063/1.5079867,2019-01-16 16:55:43,success
测试02,https://aip.scitation.org/doi/10.1063/1.5055607,2019-01-16 16:55:44,success
测试02,https://aip.scitation.org/doi/10.1063/1.5051058,2019-01-16 16:55:44,success
测试02,https://aip.scitation.org/doi/10.1063/1.5058059,2019-01-16 16:55:46,success
测试02,https://aip.scitation.org/doi/10.1063/1.5054386,2019-01-16 16:55:49,success
测试02,https://aip.scitation.org/doi/10.1063/1.5047945,2019-01-16 16:55:51,success
测试02,https://aip.scitation.org/doi/10.1063/1.5063657,2019-01-16 16:55:51,success
测试02,https://aip.scitation.org/doi/abs/10.1063/1.5063807,2019-01-16 16:55:52,success
测试02,https://aip.scitation.org/doi/abs/10.1063/1.4946894,2019-01-16 16:55:54,success
测试02,https://aip.scitation.org/doi/10.1063/1.5053122,2019-01-16 16:55:55,success
测试02,https://aip.scitation.org/doi/abs/10.1063/1.5055570,2019-01-16 16:55:57,success
测试02,https://aip.scitation.org/doi/10.1063/1.5043270,2019-01-16 16:55:57,success
测试02,https://aip.scitation.org/doi/abs/10.1063/1.4812323,2019-01-16 16:55:59,success
测试02,https://aip.scitation.org/doi/abs/10.1063/1.5075718,2019-01-16 16:56:00,success
测试02,https://aip.scitation.org/doi/abs/10.1063/1.5058166,2019-01-16 16:56:02,success
测试02,https://aip.scitation.org/doi/10.1063/1.4976737,2019-01-16 16:56:03,success
测试02,https://aip.scitation.org/doi/abs/10.1063/1.5054355,2019-01-16 16:56:04,success
测试02,https://aip.scitation.org/doi/abs/10.1063/1.5055607,2019-01-16 16:56:08,success
测试02,https://aip.scitation.org/doi/abs/10.1063/1.5051058,2019-01-16 16:56:08,success
测试02,https://aip.scitation.org/doi/10.1063/1.5051796,2019-01-16 16:56:08,success
测试02,https://aip.scitation.org/doi/abs/10.1063/1.5058059,2019-01-16 16:56:09,success
测试02,https://aip.scitation.org/doi/abs/10.1063/1.5054386,2019-01-16 16:56:10,success
测试02,https://aip.scitation.org/doi/abs/10.1063/1.5067250,2019-01-16 16:56:12,success
测试02,https://aip.scitation.org/doi/abs/10.1063/1.5063657,2019-01-16 16:56:15,success
测试02,https://aip.scitation.org/doi/10.1063/1.5052637,2019-01-16 16:56:16,failure
测试02,https://aip.scitation.org/doi/abs/10.1063/1.5053122,2019-01-16 16:56:17,failure
测试02,https://aip.scitation.org/doi/10.1063/1.5053085,2019-01-16 16:56:18,success
测试02,https://aip.scitation.org/doi/10.1063/1.5051965,2019-01-16 16:56:18,failure
测试02,https://aip.scitation.org/doi/abs/10.1063/1.5043270,2019-01-16 16:56:21,failure
测试02,https://aip.scitation.org/doi/10.1063/1.5045233,2019-01-16 16:56:22,failure
测试02,https://aip.scitation.org/doi/10.1063/1.5064401,2019-01-16 16:56:22,failure
测试02,https://aip.scitation.org/doi/10.1063/1.5055029,2019-01-16 16:56:23,failure
测试02,https://aip.scitation.org/doi/abs/10.1063/1.4976737,2019-01-16 16:56:25,failure
测试02,https://aip.scitation.org/doi/10.1063/1.5053715,2019-01-16 16:56:26,failure
测试02,https://aip.scitation.org/doi/10.1063/1.5045645,2019-01-16 16:56:27,failure
测试02,https://aip.scitation.org/doi/10.1063/1.5067337,2019-01-16 16:56:29,failure
测试02,https://aip.scitation.org/doi/abs/10.1063/1.5051796,2019-01-16 16:56:30,failure
测试02,https://aip.scitation.org/doi/10.1063/1.5053661,2019-01-16 16:56:31,failure
测试02,https://aip.scitation.org/doi/10.1063/1.4953034,2019-01-16 16:56:32,failure
测试02,https://aip.scitation.org/doi/10.1063/1.5027850,2019-01-16 16:56:34,failure
测试02,https://aip.scitation.org/doi/10.1063/1.4832615,2019-01-16 16:56:34,failure
测试02,https://aip.scitation.org/doi/10.1063/1.4935926,2019-01-16 16:56:35,failure
测试02,https://aip.scitation.org/doi/10.1063/1.5026238,2019-01-16 16:56:36,failure
测试02,https://aip.scitation.org/doi/abs/10.1063/1.5053085,2019-01-16 16:56:37,failure
测试02,https://aip.scitation.org/doi/10.1063/1.5041793,2019-01-16 16:56:38,failure
测试02,https://aip.scitation.org/doi/10.1063/1.5028049,2019-01-16 16:56:40,failure
测试02,https://aip.scitation.org/doi/10.1063/1.5048410,2019-01-16 16:56:41,failure
测试02,https://aip.scitation.org/doi/10.1063/1.5055659,2019-01-16 16:56:43,failure
测试02,https://aip.scitation.org/doi/10.1063/1.5054842,2019-01-16 16:56:44,failure
测试02,https://aip.scitation.org/doi/10.1063/1.5046087,2019-01-16 16:56:45,failure
测试02,https://aip.scitation.org/doi/10.1063/1.5074184,2019-01-16 16:56:46,failure
测试02,https://aip.scitation.org/doi/10.1063/1.5053426,2019-01-16 16:56:47,failure
测试02,https://aip.scitation.org/doi/10.1063/1.5039926,2019-01-16 16:56:48,failure
测试02,https://aip.scitation.org/doi/10.1063/1.5050413,2019-01-16 16:56:50,failure
测试02,https://aip.scitation.org/doi/10.1063/1.5055227,2019-01-16 16:56:52,failure
测试02,https://aip.scitation.org/doi/10.1063/1.5079305,2019-01-16 16:56:53,failure
测试02,https://aip.scitation.org/doi/10.1063/1.5081668,2019-01-16 16:56:53,failure
