doi,SourceUrl,files
,https://www.worldscientific.com/worldscibooks/10.1142/3965,[]
https://doi.org/10.1142/9789813140257_fmatter,/doi/abs/10.1142/9789813140257_fmatter,[]
https://doi.org/10.1142/9789814307758_fmatter,/doi/abs/10.1142/9789814307758_fmatter,[]
https://doi.org/10.1142/9789812799760_fmatter,/doi/abs/10.1142/9789812799760_fmatter,[]
https://doi.org/10.1142/9789812700988_fmatter,/doi/abs/10.1142/9789812700988_fmatter,[]
https://doi.org/10.1142/9789812792808_fmatter,/doi/abs/10.1142/9789812792808_fmatter,[]
https://doi.org/10.1142/9789812839404_fmatter,/doi/abs/10.1142/9789812839404_fmatter,[]
https://doi.org/10.1142/9781848164123_fmatter,/doi/abs/10.1142/9781848164123_fmatter,[]
https://doi.org/10.1142/9789812812360_fmatter,/doi/abs/10.1142/9789812812360_fmatter,[]
https://doi.org/10.1142/9789813209107_fmatter,/doi/abs/10.1142/9789813209107_fmatter,[]
https://doi.org/10.1142/9789814632423_fmatter,/doi/abs/10.1142/9789814632423_fmatter,[]
